--------------------------------------------------------
--  파일이 생성됨 - 월요일-9월-08-2025   
--------------------------------------------------------
--------------------------------------------------------
--  DDL for Table T_GOODS_DETAIL_IMAGE
--------------------------------------------------------

  CREATE TABLE "T_GOODS_DETAIL_IMAGE" 
   (	"IMAGE_ID" NUMBER(20,0), 
	"GOODS_ID" NUMBER(20,0), 
	"FILENAME" VARCHAR2(50), 
	"REG_ID" VARCHAR2(20), 
	"FILETYPE" VARCHAR2(40), 
	"CREDATE" DATE DEFAULT sysdate
   )
--------------------------------------------------------
--  DDL for Table T_SHOPPING_GOODS
--------------------------------------------------------

  CREATE TABLE "T_SHOPPING_GOODS" 
   (	"GOODS_ID" NUMBER(20,0), 
	"GOODS_SORT" VARCHAR2(50), 
	"GOODS_TITLE" VARCHAR2(100), 
	"GOODS_WRITER" VARCHAR2(50), 
	"GOODS_PUBLISHER" VARCHAR2(50), 
	"GOODS_PRICE" NUMBER(10,0), 
	"GOODS_SALES_PRICE" NUMBER(10,0), 
	"GOODS_POINT" NUMBER(10,0), 
	"GOODS_PUBLISHED_DATE" DATE, 
	"GOODS_TOTAL_PAGE" NUMBER(5,0), 
	"GOODS_ISBN" VARCHAR2(50), 
	"GOODS_DELIVERY_PRICE" NUMBER(10,0), 
	"GOODS_DELIVERY_DATE" DATE, 
	"GOODS_STATUS" VARCHAR2(50), 
	"GOODS_CONTENTS_ORDER" CLOB, 
	"GOODS_CREDATE" DATE DEFAULT sysdate, 
	"GOODS_WRITER_INTRO" CLOB, 
	"GOODS_PUBLISHER_COMMENT" CLOB, 
	"GOODS_RECOMMENDATION" CLOB, 
	"GOODS_INTRO" CLOB
   )
--------------------------------------------------------
--  DDL for Table T_SHOPPING_ORDER
--------------------------------------------------------

  CREATE TABLE "T_SHOPPING_ORDER" 
   (	"ORDER_SEQ_NUM" NUMBER(20,0), 
	"ORDER_ID" NUMBER(20,0), 
	"MEMBER_ID" VARCHAR2(20), 
	"GOODS_ID" NUMBER(20,0), 
	"ORDERER_NAME" VARCHAR2(50), 
	"GOODS_TITLE" VARCHAR2(100), 
	"ORDER_GOODS_QTY" NUMBER(5,0), 
	"GOODS_SALES_PRICE" NUMBER(5,0), 
	"GOODS_FILENAME" VARCHAR2(60), 
	"RECEIVER_NAME" VARCHAR2(50), 
	"RECEIVER_HP1" VARCHAR2(20), 
	"RECEIVER_HP2" VARCHAR2(20), 
	"RECEIVER_HP3" VARCHAR2(20), 
	"RECEIVER_TEL1" VARCHAR2(20), 
	"RECEIVER_TEL2" VARCHAR2(20), 
	"RECEIVER_TEL3" VARCHAR2(20), 
	"DELIVERY_ADDRESS" VARCHAR2(500), 
	"DELIVERY_METHOD" VARCHAR2(40), 
	"DELIVERY_MESSAGE" VARCHAR2(300), 
	"GIFT_WRAPPING" VARCHAR2(20), 
	"PAY_METHOD" VARCHAR2(200), 
	"CARD_COM_NAME" VARCHAR2(50), 
	"CARD_PAY_MONTH" VARCHAR2(20), 
	"PAY_ORDERER_HP_NUM" VARCHAR2(20), 
	"DELIVERY_STATE" VARCHAR2(20) DEFAULT 'delivery_prepared', 
	"PAY_ORDER_TIME" DATE DEFAULT sysdate, 
	"ORDERER_HP" VARCHAR2(50), 
	"GOODS_DELIVERY_PRICE" NUMBER(10,0), 
	"GOODS_PRICE" NUMBER(5,0)
   )
--------------------------------------------------------
--  DDL for Table T_SHOPPING_MEMBER
--------------------------------------------------------

  CREATE TABLE "T_SHOPPING_MEMBER" 
   (	"MEMBER_ID" VARCHAR2(20), 
	"MEMBER_PW" VARCHAR2(30), 
	"MEMBER_NAME" VARCHAR2(50), 
	"MEMBER_GENDER" VARCHAR2(10), 
	"TEL1" VARCHAR2(20), 
	"TEL2" VARCHAR2(20), 
	"TEL3" VARCHAR2(20), 
	"HP1" VARCHAR2(20), 
	"HP2" VARCHAR2(20), 
	"HP3" VARCHAR2(20), 
	"SMSSTS_YN" VARCHAR2(20), 
	"EMAIL1" VARCHAR2(20), 
	"EMAIL2" VARCHAR2(20), 
	"EMAILSTS_YN" VARCHAR2(20), 
	"ZIPCODE" VARCHAR2(20), 
	"ROADADDRESS" VARCHAR2(500), 
	"JIBUNADDRESS" VARCHAR2(500), 
	"NAMUJIADDRESS" VARCHAR2(500), 
	"MEMBER_BIRTH_Y" VARCHAR2(20), 
	"MEMBER_BIRTH_M" VARCHAR2(20), 
	"MEMBER_BIRTH_D" VARCHAR2(20), 
	"MEMBER_BIRTH_GN" VARCHAR2(20), 
	"JOINDATE" DATE DEFAULT sysdate, 
	"DEL_YN" VARCHAR2(20) DEFAULT 'N'
   )
--------------------------------------------------------
--  DDL for Table T_SHOPPING_CART
--------------------------------------------------------

  CREATE TABLE "T_SHOPPING_CART" 
   (	"CART_ID" NUMBER(10,0), 
	"GOODS_ID" NUMBER(20,0), 
	"MEMBER_ID" VARCHAR2(20), 
	"DEL_YN" VARCHAR2(20) DEFAULT 'N', 
	"CREDATE" DATE DEFAULT sysdate, 
	"CART_GOODS_QTY" NUMBER(4,0) DEFAULT 1, 
	"GOODS_PRICE" NUMBER(10,0)
   )
REM INSERTING into T_GOODS_DETAIL_IMAGE
SET DEFINE OFF;
Insert into T_GOODS_DETAIL_IMAGE (IMAGE_ID,GOODS_ID,FILENAME,REG_ID,FILETYPE,CREDATE) values (346,394,'무작정 따라가기 홍콩 마카오.jpg','admin','main_image',to_date('18/10/16','RR/MM/DD'));
Insert into T_GOODS_DETAIL_IMAGE (IMAGE_ID,GOODS_ID,FILENAME,REG_ID,FILETYPE,CREDATE) values (347,394,'무작정 따라가기 홍콩 마카오_상세.jpg','admin','detail_image1',to_date('18/10/16','RR/MM/DD'));
Insert into T_GOODS_DETAIL_IMAGE (IMAGE_ID,GOODS_ID,FILENAME,REG_ID,FILETYPE,CREDATE) values (348,394,'detail2.jpg','admin','detail_image2',to_date('18/10/16','RR/MM/DD'));
Insert into T_GOODS_DETAIL_IMAGE (IMAGE_ID,GOODS_ID,FILENAME,REG_ID,FILETYPE,CREDATE) values (349,395,'image2.jpg','admin','main_image',to_date('18/10/16','RR/MM/DD'));
Insert into T_GOODS_DETAIL_IMAGE (IMAGE_ID,GOODS_ID,FILENAME,REG_ID,FILETYPE,CREDATE) values (413,1,'초보 개발자 자바 메인 이미지.jpg','admin','main_image',to_date('25/08/08','RR/MM/DD'));
Insert into T_GOODS_DETAIL_IMAGE (IMAGE_ID,GOODS_ID,FILENAME,REG_ID,FILETYPE,CREDATE) values (351,397,'main_react.jpg','admin','main_image',to_date('18/10/16','RR/MM/DD'));
Insert into T_GOODS_DETAIL_IMAGE (IMAGE_ID,GOODS_ID,FILENAME,REG_ID,FILETYPE,CREDATE) values (352,397,'react_detail1.jpg','admin','detail_image1',to_date('18/10/16','RR/MM/DD'));
Insert into T_GOODS_DETAIL_IMAGE (IMAGE_ID,GOODS_ID,FILENAME,REG_ID,FILETYPE,CREDATE) values (353,398,'헬로자바스크립트_메인.jpg','admin','main_image',to_date('18/10/16','RR/MM/DD'));
Insert into T_GOODS_DETAIL_IMAGE (IMAGE_ID,GOODS_ID,FILENAME,REG_ID,FILETYPE,CREDATE) values (354,398,'헬로자바스크립트_상세1.jpg','admin','detail_image1',to_date('18/10/16','RR/MM/DD'));
Insert into T_GOODS_DETAIL_IMAGE (IMAGE_ID,GOODS_ID,FILENAME,REG_ID,FILETYPE,CREDATE) values (299,334,'포토샵 무작정 따라하기_메인.jpg','admin','main_image',to_date('18/10/16','RR/MM/DD'));
Insert into T_GOODS_DETAIL_IMAGE (IMAGE_ID,GOODS_ID,FILENAME,REG_ID,FILETYPE,CREDATE) values (300,334,'포토샵 무작정 따라하기_상세1.jpg','admin','detail_image1',to_date('18/10/16','RR/MM/DD'));
Insert into T_GOODS_DETAIL_IMAGE (IMAGE_ID,GOODS_ID,FILENAME,REG_ID,FILETYPE,CREDATE) values (301,335,'차트분석 무작정 따라하기_메인.jpg','admin','main_image',to_date('18/10/16','RR/MM/DD'));
Insert into T_GOODS_DETAIL_IMAGE (IMAGE_ID,GOODS_ID,FILENAME,REG_ID,FILETYPE,CREDATE) values (302,335,'차트분석 무작정 따라하기_상세1.jpg','admin','detail_image1',to_date('18/10/16','RR/MM/DD'));
Insert into T_GOODS_DETAIL_IMAGE (IMAGE_ID,GOODS_ID,FILENAME,REG_ID,FILETYPE,CREDATE) values (303,336,'짠테그 가계부_메인.jpg','admin','main_image',to_date('18/10/17','RR/MM/DD'));
Insert into T_GOODS_DETAIL_IMAGE (IMAGE_ID,GOODS_ID,FILENAME,REG_ID,FILETYPE,CREDATE) values (304,336,'짠테그 가계부_상세1.jpg','admin','detail_image1',to_date('18/10/17','RR/MM/DD'));
Insert into T_GOODS_DETAIL_IMAGE (IMAGE_ID,GOODS_ID,FILENAME,REG_ID,FILETYPE,CREDATE) values (305,337,'케라시_메인.jpg','admin','main_image',to_date('18/10/17','RR/MM/DD'));
Insert into T_GOODS_DETAIL_IMAGE (IMAGE_ID,GOODS_ID,FILENAME,REG_ID,FILETYPE,CREDATE) values (306,337,'케라시_상세1.jpg','admin','detail_image1',to_date('18/10/17','RR/MM/DD'));
Insert into T_GOODS_DETAIL_IMAGE (IMAGE_ID,GOODS_ID,FILENAME,REG_ID,FILETYPE,CREDATE) values (307,338,'컴퓨터 활용능력 2급 실기_메인.jpg','admin','main_image',to_date('18/10/17','RR/MM/DD'));
Insert into T_GOODS_DETAIL_IMAGE (IMAGE_ID,GOODS_ID,FILENAME,REG_ID,FILETYPE,CREDATE) values (308,338,'컴퓨터 활용능력 2급 실기_상세1.jpg','admin','detail_image1',to_date('18/10/17','RR/MM/DD'));
Insert into T_GOODS_DETAIL_IMAGE (IMAGE_ID,GOODS_ID,FILENAME,REG_ID,FILETYPE,CREDATE) values (309,339,'시나공 워드프로세서 실기_메인.jpg','admin','main_image',to_date('18/10/17','RR/MM/DD'));
Insert into T_GOODS_DETAIL_IMAGE (IMAGE_ID,GOODS_ID,FILENAME,REG_ID,FILETYPE,CREDATE) values (310,339,'시나공 워드프로세서 실기_상세1.jpg','admin','detail_image1',to_date('18/10/17','RR/MM/DD'));
Insert into T_GOODS_DETAIL_IMAGE (IMAGE_ID,GOODS_ID,FILENAME,REG_ID,FILETYPE,CREDATE) values (311,340,'엑셀실무_메인.pg.jpg','admin','main_image',to_date('18/10/17','RR/MM/DD'));
Insert into T_GOODS_DETAIL_IMAGE (IMAGE_ID,GOODS_ID,FILENAME,REG_ID,FILETYPE,CREDATE) values (312,340,'엑셀실무_상세1.jpg','admin','detail_image1',to_date('18/10/17','RR/MM/DD'));
Insert into T_GOODS_DETAIL_IMAGE (IMAGE_ID,GOODS_ID,FILENAME,REG_ID,FILETYPE,CREDATE) values (313,341,'헬로자바스크립트_메인.jpg','admin','main_image',to_date('18/10/17','RR/MM/DD'));
Insert into T_GOODS_DETAIL_IMAGE (IMAGE_ID,GOODS_ID,FILENAME,REG_ID,FILETYPE,CREDATE) values (314,341,'유지보수자바_상세1.jpg','admin','detail_image1',to_date('18/10/17','RR/MM/DD'));
Insert into T_GOODS_DETAIL_IMAGE (IMAGE_ID,GOODS_ID,FILENAME,REG_ID,FILETYPE,CREDATE) values (315,342,'부동상 상식사전_메인.jpg','admin','main_image',to_date('18/10/17','RR/MM/DD'));
Insert into T_GOODS_DETAIL_IMAGE (IMAGE_ID,GOODS_ID,FILENAME,REG_ID,FILETYPE,CREDATE) values (316,342,'부동상 상식사전_상세1.jpg','admin','detail_image1',to_date('18/10/17','RR/MM/DD'));
Insert into T_GOODS_DETAIL_IMAGE (IMAGE_ID,GOODS_ID,FILENAME,REG_ID,FILETYPE,CREDATE) values (317,343,'기적적 계산법_메인.jpg','admin','main_image',to_date('18/10/17','RR/MM/DD'));
Insert into T_GOODS_DETAIL_IMAGE (IMAGE_ID,GOODS_ID,FILENAME,REG_ID,FILETYPE,CREDATE) values (339,343,'good1_detail_image3.jpg','admin','uploadFile',to_date('18/10/21','RR/MM/DD'));
Insert into T_GOODS_DETAIL_IMAGE (IMAGE_ID,GOODS_ID,FILENAME,REG_ID,FILETYPE,CREDATE) values (319,344,'image1.jpg','admin','main_image',to_date('18/10/17','RR/MM/DD'));
Insert into T_GOODS_DETAIL_IMAGE (IMAGE_ID,GOODS_ID,FILENAME,REG_ID,FILETYPE,CREDATE) values (320,344,'react_detail1.jpg','admin','detail_image1',to_date('18/10/17','RR/MM/DD'));
Insert into T_GOODS_DETAIL_IMAGE (IMAGE_ID,GOODS_ID,FILENAME,REG_ID,FILETYPE,CREDATE) values (321,345,'main_react.jpg','admin','main_image',to_date('18/10/17','RR/MM/DD'));
Insert into T_GOODS_DETAIL_IMAGE (IMAGE_ID,GOODS_ID,FILENAME,REG_ID,FILETYPE,CREDATE) values (322,345,'detail3.jpg','admin','detail_image1',to_date('18/10/17','RR/MM/DD'));
Insert into T_GOODS_DETAIL_IMAGE (IMAGE_ID,GOODS_ID,FILENAME,REG_ID,FILETYPE,CREDATE) values (323,346,'여행 일본어_메인.jpg','admin','main_image',to_date('18/10/17','RR/MM/DD'));
Insert into T_GOODS_DETAIL_IMAGE (IMAGE_ID,GOODS_ID,FILENAME,REG_ID,FILETYPE,CREDATE) values (324,346,'여행 일본어_상세.jpg','admin','detail_image1',to_date('18/10/17','RR/MM/DD'));
Insert into T_GOODS_DETAIL_IMAGE (IMAGE_ID,GOODS_ID,FILENAME,REG_ID,FILETYPE,CREDATE) values (325,347,'가장 빨리 만나는 자바_메인.jpg','admin','main_image',to_date('18/10/20','RR/MM/DD'));
Insert into T_GOODS_DETAIL_IMAGE (IMAGE_ID,GOODS_ID,FILENAME,REG_ID,FILETYPE,CREDATE) values (326,347,'가장 빨리 만나는 자바_상세1.jpg','admin','detail_image1',to_date('18/10/20','RR/MM/DD'));
Insert into T_GOODS_DETAIL_IMAGE (IMAGE_ID,GOODS_ID,FILENAME,REG_ID,FILETYPE,CREDATE) values (327,348,'Java EE 디자이 패턴_메인.jpg','admin','main_image',to_date('18/10/20','RR/MM/DD'));
Insert into T_GOODS_DETAIL_IMAGE (IMAGE_ID,GOODS_ID,FILENAME,REG_ID,FILETYPE,CREDATE) values (328,348,'Java EE 디자이 패턴_상세1.jpg','admin','detail_image1',to_date('18/10/20','RR/MM/DD'));
Insert into T_GOODS_DETAIL_IMAGE (IMAGE_ID,GOODS_ID,FILENAME,REG_ID,FILETYPE,CREDATE) values (330,349,'자바 리팩토링_메인.jpg','admin','main_image',to_date('18/10/20','RR/MM/DD'));
Insert into T_GOODS_DETAIL_IMAGE (IMAGE_ID,GOODS_ID,FILENAME,REG_ID,FILETYPE,CREDATE) values (331,349,'자바 리팩토링_상세1.jpg','admin','detail_image1',to_date('18/10/20','RR/MM/DD'));
Insert into T_GOODS_DETAIL_IMAGE (IMAGE_ID,GOODS_ID,FILENAME,REG_ID,FILETYPE,CREDATE) values (334,350,'유지보수자바_메인.jpg','admin','main_image',to_date('18/10/20','RR/MM/DD'));
Insert into T_GOODS_DETAIL_IMAGE (IMAGE_ID,GOODS_ID,FILENAME,REG_ID,FILETYPE,CREDATE) values (341,350,'유지보수자바_상세1.jpg','admin','uploadFile',to_date('18/10/21','RR/MM/DD'));
Insert into T_GOODS_DETAIL_IMAGE (IMAGE_ID,GOODS_ID,FILENAME,REG_ID,FILETYPE,CREDATE) values (337,343,'기적적 계산법_상세1.jpg','admin','uploadFile',to_date('18/10/21','RR/MM/DD'));
Insert into T_GOODS_DETAIL_IMAGE (IMAGE_ID,GOODS_ID,FILENAME,REG_ID,FILETYPE,CREDATE) values (338,343,'good1_detail_image2.jpg','admin','uploadFile',to_date('18/10/21','RR/MM/DD'));
Insert into T_GOODS_DETAIL_IMAGE (IMAGE_ID,GOODS_ID,FILENAME,REG_ID,FILETYPE,CREDATE) values (342,354,'모두의 딥러닝_메인.jpg','admin','main_image',to_date('18/10/23','RR/MM/DD'));
Insert into T_GOODS_DETAIL_IMAGE (IMAGE_ID,GOODS_ID,FILENAME,REG_ID,FILETYPE,CREDATE) values (343,354,'모두의 딥러닝_상세.jpg','admin','detail_image1',to_date('18/10/23','RR/MM/DD'));
Insert into T_GOODS_DETAIL_IMAGE (IMAGE_ID,GOODS_ID,FILENAME,REG_ID,FILETYPE,CREDATE) values (345,356,'마인_메인.jpg','admin','main_image',to_date('18/10/23','RR/MM/DD'));
Insert into T_GOODS_DETAIL_IMAGE (IMAGE_ID,GOODS_ID,FILENAME,REG_ID,FILETYPE,CREDATE) values (446,472,'초보 개발자 자바 메인 이미지.jpg','admin','main_image',to_date('25/08/11','RR/MM/DD'));
Insert into T_GOODS_DETAIL_IMAGE (IMAGE_ID,GOODS_ID,FILENAME,REG_ID,FILETYPE,CREDATE) values (459,506,'초보 개발자 자바 상세 이미지.jpg','admin','detail_image_0',to_date('25/08/26','RR/MM/DD'));
Insert into T_GOODS_DETAIL_IMAGE (IMAGE_ID,GOODS_ID,FILENAME,REG_ID,FILETYPE,CREDATE) values (447,472,'초보 개발자 자바 상세 이미지.jpg','admin','detail_image_0',to_date('25/08/11','RR/MM/DD'));
Insert into T_GOODS_DETAIL_IMAGE (IMAGE_ID,GOODS_ID,FILENAME,REG_ID,FILETYPE,CREDATE) values (458,506,'초보 개발자 자바 메인 이미지.jpg','admin','main_image',to_date('25/08/26','RR/MM/DD'));
Insert into T_GOODS_DETAIL_IMAGE (IMAGE_ID,GOODS_ID,FILENAME,REG_ID,FILETYPE,CREDATE) values (456,505,'자바웹 메인이미지.jpg','admin','main_image',to_date('25/08/26','RR/MM/DD'));
Insert into T_GOODS_DETAIL_IMAGE (IMAGE_ID,GOODS_ID,FILENAME,REG_ID,FILETYPE,CREDATE) values (457,505,'자바웹 상세이미지.jpg','admin','detail_image_0',to_date('25/08/26','RR/MM/DD'));
Insert into T_GOODS_DETAIL_IMAGE (IMAGE_ID,GOODS_ID,FILENAME,REG_ID,FILETYPE,CREDATE) values (448,480,'자바웹 메인이미지.jpg','admin','main_image',to_date('25/08/14','RR/MM/DD'));
Insert into T_GOODS_DETAIL_IMAGE (IMAGE_ID,GOODS_ID,FILENAME,REG_ID,FILETYPE,CREDATE) values (449,480,'자바웹 상세이미지.jpg','admin','detail_image_0',to_date('25/08/14','RR/MM/DD'));
Insert into T_GOODS_DETAIL_IMAGE (IMAGE_ID,GOODS_ID,FILENAME,REG_ID,FILETYPE,CREDATE) values (450,503,'자바웹 메인이미지.jpg','admin','main_image',to_date('25/08/26','RR/MM/DD'));
Insert into T_GOODS_DETAIL_IMAGE (IMAGE_ID,GOODS_ID,FILENAME,REG_ID,FILETYPE,CREDATE) values (451,503,'자바웹 상세이미지.jpg','admin','detail_image_0',to_date('25/08/26','RR/MM/DD'));
Insert into T_GOODS_DETAIL_IMAGE (IMAGE_ID,GOODS_ID,FILENAME,REG_ID,FILETYPE,CREDATE) values (452,504,'초보 개발자 자바 메인 이미지.jpg','admin','main_image',to_date('25/08/26','RR/MM/DD'));
Insert into T_GOODS_DETAIL_IMAGE (IMAGE_ID,GOODS_ID,FILENAME,REG_ID,FILETYPE,CREDATE) values (454,504,'초보 개발자 자바 상세 이미지.jpg','admin','uploadFile',to_date('25/08/26','RR/MM/DD'));
REM INSERTING into T_SHOPPING_GOODS
SET DEFINE OFF;
Insert into T_SHOPPING_GOODS (GOODS_ID,GOODS_SORT,GOODS_TITLE,GOODS_WRITER,GOODS_PUBLISHER,GOODS_PRICE,GOODS_SALES_PRICE,GOODS_POINT,GOODS_PUBLISHED_DATE,GOODS_TOTAL_PAGE,GOODS_ISBN,GOODS_DELIVERY_PRICE,GOODS_DELIVERY_DATE,GOODS_STATUS,GOODS_CREDATE) values (394,'컴퓨터와 인터넷','무작정 따라가기 홍콩 마카오','김수정, 김승남','인포북스',30000,27000,1000,to_date('15/10/16','RR/MM/DD'),1000,'121212',2000,to_date('18/10/18','RR/MM/DD'),'bestseller',to_date('25/06/18','RR/MM/DD'));
Insert into T_SHOPPING_GOODS (GOODS_ID,GOODS_SORT,GOODS_TITLE,GOODS_WRITER,GOODS_PUBLISHER,GOODS_PRICE,GOODS_SALES_PRICE,GOODS_POINT,GOODS_PUBLISHED_DATE,GOODS_TOTAL_PAGE,GOODS_ISBN,GOODS_DELIVERY_PRICE,GOODS_DELIVERY_DATE,GOODS_STATUS,GOODS_CREDATE) values (395,'컴퓨터와 인터넷','모두의 파이썬','이승찬','길벗',12000,10800,1000,to_date('25/07/27','RR/MM/DD'),200,'9791186978894',2000,to_date('18/10/18','RR/MM/DD'),'bestseller',to_date('25/07/29','RR/MM/DD'));
Insert into T_SHOPPING_GOODS (GOODS_ID,GOODS_SORT,GOODS_TITLE,GOODS_WRITER,GOODS_PUBLISHER,GOODS_PRICE,GOODS_SALES_PRICE,GOODS_POINT,GOODS_PUBLISHED_DATE,GOODS_TOTAL_PAGE,GOODS_ISBN,GOODS_DELIVERY_PRICE,GOODS_DELIVERY_DATE,GOODS_STATUS,GOODS_CREDATE) values (397,'컴퓨터와 인터넷','리액트를 다루는 기술','김민준','길벗',32000,32000,1000,to_date('18/08/01','RR/MM/DD'),688,'9791160505238',2000,to_date('18/10/17','RR/MM/DD'),'bestseller',to_date('25/06/18','RR/MM/DD'));
Insert into T_SHOPPING_GOODS (GOODS_ID,GOODS_SORT,GOODS_TITLE,GOODS_WRITER,GOODS_PUBLISHER,GOODS_PRICE,GOODS_SALES_PRICE,GOODS_POINT,GOODS_PUBLISHED_DATE,GOODS_TOTAL_PAGE,GOODS_ISBN,GOODS_DELIVERY_PRICE,GOODS_DELIVERY_DATE,GOODS_STATUS,GOODS_CREDATE) values (347,'컴퓨터와 인터넷','가장 빨리 만나는 자바9','카이 호스트만','길벗',30000,32400,2000,to_date('18/10/17','RR/MM/DD'),1111,'1212121',2000,to_date('18/10/22','RR/MM/DD'),'steadyseller',to_date('25/06/18','RR/MM/DD'));
Insert into T_SHOPPING_GOODS (GOODS_ID,GOODS_SORT,GOODS_TITLE,GOODS_WRITER,GOODS_PUBLISHER,GOODS_PRICE,GOODS_SALES_PRICE,GOODS_POINT,GOODS_PUBLISHED_DATE,GOODS_TOTAL_PAGE,GOODS_ISBN,GOODS_DELIVERY_PRICE,GOODS_DELIVERY_DATE,GOODS_STATUS,GOODS_CREDATE) values (348,'컴퓨터와 인터넷','자바 EE 디자인 패턴','무라트예네르, 알렉스 시돔','길벗',34000,30000,1000,to_date('18/10/18','RR/MM/DD'),1212,'12122222',2000,to_date('18/10/24','RR/MM/DD'),'on_sale',to_date('25/06/18','RR/MM/DD'));
Insert into T_SHOPPING_GOODS (GOODS_ID,GOODS_SORT,GOODS_TITLE,GOODS_WRITER,GOODS_PUBLISHER,GOODS_PRICE,GOODS_SALES_PRICE,GOODS_POINT,GOODS_PUBLISHED_DATE,GOODS_TOTAL_PAGE,GOODS_ISBN,GOODS_DELIVERY_PRICE,GOODS_DELIVERY_DATE,GOODS_STATUS,GOODS_CREDATE) values (349,'컴퓨터와 인터넷','자바로 배우는 리팩토링','유키히로시','길벗',34000,30000,1000,to_date('18/10/02','RR/MM/DD'),1111,'12122222',2000,to_date('18/10/25','RR/MM/DD'),'on_sale',to_date('25/06/18','RR/MM/DD'));
Insert into T_SHOPPING_GOODS (GOODS_ID,GOODS_SORT,GOODS_TITLE,GOODS_WRITER,GOODS_PUBLISHER,GOODS_PRICE,GOODS_SALES_PRICE,GOODS_POINT,GOODS_PUBLISHED_DATE,GOODS_TOTAL_PAGE,GOODS_ISBN,GOODS_DELIVERY_PRICE,GOODS_DELIVERY_DATE,GOODS_STATUS,GOODS_CREDATE) values (350,'컴퓨터와 인터넷','유지 보수가 가능한 코딩의 기술-자바편','주스트 뷔서','한국 출판사',35000,32000,2000,to_date('18/10/20','RR/MM/DD'),1000,'2323222323',2000,to_date('18/10/22','RR/MM/DD'),'steadyseller',to_date('25/06/11','RR/MM/DD'));
Insert into T_SHOPPING_GOODS (GOODS_ID,GOODS_SORT,GOODS_TITLE,GOODS_WRITER,GOODS_PUBLISHER,GOODS_PRICE,GOODS_SALES_PRICE,GOODS_POINT,GOODS_PUBLISHED_DATE,GOODS_TOTAL_PAGE,GOODS_ISBN,GOODS_DELIVERY_PRICE,GOODS_DELIVERY_DATE,GOODS_STATUS,GOODS_CREDATE) values (334,'컴퓨터와 인터넷','포토샵 무작정 따라하기','민지영, 문수민, 이상호, 앤미디어','길벗',34000,30000,1000,to_date('18/10/02','RR/MM/DD'),1111,'12122222',2000,to_date('18/10/17','RR/MM/DD'),'bestseller',to_date('25/06/11','RR/MM/DD'));
Insert into T_SHOPPING_GOODS (GOODS_ID,GOODS_SORT,GOODS_TITLE,GOODS_WRITER,GOODS_PUBLISHER,GOODS_PRICE,GOODS_SALES_PRICE,GOODS_POINT,GOODS_PUBLISHED_DATE,GOODS_TOTAL_PAGE,GOODS_ISBN,GOODS_DELIVERY_PRICE,GOODS_DELIVERY_DATE,GOODS_STATUS,GOODS_CREDATE) values (335,'컴퓨터와 인터넷','무작정 따라하기 차트분석','윤재수','미래 출판사',1212,30000,121,to_date('18/10/02','RR/MM/DD'),12,'1212',2000,to_date('18/10/24','RR/MM/DD'),'bestseller',to_date('25/06/11','RR/MM/DD'));
Insert into T_SHOPPING_GOODS (GOODS_ID,GOODS_SORT,GOODS_TITLE,GOODS_WRITER,GOODS_PUBLISHER,GOODS_PRICE,GOODS_SALES_PRICE,GOODS_POINT,GOODS_PUBLISHED_DATE,GOODS_TOTAL_PAGE,GOODS_ISBN,GOODS_DELIVERY_PRICE,GOODS_DELIVERY_DATE,GOODS_STATUS,GOODS_CREDATE) values (336,'컴퓨터와 인터넷','짠테크 가계부','짠돌이 카페','길벗',30000,30000,1212,to_date('18/10/02','RR/MM/DD'),1212,'1212',1212,to_date('18/10/18','RR/MM/DD'),'bestseller',to_date('25/06/18','RR/MM/DD'));
Insert into T_SHOPPING_GOODS (GOODS_ID,GOODS_SORT,GOODS_TITLE,GOODS_WRITER,GOODS_PUBLISHER,GOODS_PRICE,GOODS_SALES_PRICE,GOODS_POINT,GOODS_PUBLISHED_DATE,GOODS_TOTAL_PAGE,GOODS_ISBN,GOODS_DELIVERY_PRICE,GOODS_DELIVERY_DATE,GOODS_STATUS,GOODS_CREDATE) values (337,'컴퓨터와 인터넷','케라스로 배우는 딥러닝','프랑소와 숄레','국민출판사',30000,30000,1212,to_date('18/10/02','RR/MM/DD'),1212,'1212',1212,to_date('18/10/19','RR/MM/DD'),'bestseller',to_date('25/06/18','RR/MM/DD'));
Insert into T_SHOPPING_GOODS (GOODS_ID,GOODS_SORT,GOODS_TITLE,GOODS_WRITER,GOODS_PUBLISHER,GOODS_PRICE,GOODS_SALES_PRICE,GOODS_POINT,GOODS_PUBLISHED_DATE,GOODS_TOTAL_PAGE,GOODS_ISBN,GOODS_DELIVERY_PRICE,GOODS_DELIVERY_DATE,GOODS_STATUS,GOODS_CREDATE) values (338,'컴퓨터와 인터넷','컴퓨터 활용능려 2급 실기','이병승','길벗',25000,25000,1212,to_date('18/08/08','RR/MM/DD'),1212,'1212',1212,to_date('18/10/26','RR/MM/DD'),'bestseller',to_date('25/06/18','RR/MM/DD'));
Insert into T_SHOPPING_GOODS (GOODS_ID,GOODS_SORT,GOODS_TITLE,GOODS_WRITER,GOODS_PUBLISHER,GOODS_PRICE,GOODS_SALES_PRICE,GOODS_POINT,GOODS_PUBLISHED_DATE,GOODS_TOTAL_PAGE,GOODS_ISBN,GOODS_DELIVERY_PRICE,GOODS_DELIVERY_DATE,GOODS_STATUS,GOODS_CREDATE) values (339,'컴퓨터와 인터넷','시나공 워드 프로세서 실기','길벗 알엔디','국민 출판사',25000,25000,1212,to_date('18/10/29','RR/MM/DD'),1212,'1212',1212,to_date('18/10/25','RR/MM/DD'),'bestseller',to_date('25/06/18','RR/MM/DD'));
Insert into T_SHOPPING_GOODS (GOODS_ID,GOODS_SORT,GOODS_TITLE,GOODS_WRITER,GOODS_PUBLISHER,GOODS_PRICE,GOODS_SALES_PRICE,GOODS_POINT,GOODS_PUBLISHED_DATE,GOODS_TOTAL_PAGE,GOODS_ISBN,GOODS_DELIVERY_PRICE,GOODS_DELIVERY_DATE,GOODS_STATUS,GOODS_CREDATE) values (340,'컴퓨터와 인터넷','직장인을 위한 엑셀 실무','이순신','서울출판사',25000,25000,1212,to_date('18/10/17','RR/MM/DD'),1212,'1212',1212,to_date('18/10/25','RR/MM/DD'),'buy_out',to_date('25/07/28','RR/MM/DD'));
Insert into T_SHOPPING_GOODS (GOODS_ID,GOODS_SORT,GOODS_TITLE,GOODS_WRITER,GOODS_PUBLISHER,GOODS_PRICE,GOODS_SALES_PRICE,GOODS_POINT,GOODS_PUBLISHED_DATE,GOODS_TOTAL_PAGE,GOODS_ISBN,GOODS_DELIVERY_PRICE,GOODS_DELIVERY_DATE,GOODS_STATUS,GOODS_CREDATE) values (342,'컴퓨터와 인터넷','부동산 상식 사전','백영록','길벗',20000,20000,5555,to_date('18/10/04','RR/MM/DD'),555,'555',555,to_date('18/10/11','RR/MM/DD'),'bestseller',to_date('25/07/18','RR/MM/DD'));
Insert into T_SHOPPING_GOODS (GOODS_ID,GOODS_SORT,GOODS_TITLE,GOODS_WRITER,GOODS_PUBLISHER,GOODS_PRICE,GOODS_SALES_PRICE,GOODS_POINT,GOODS_PUBLISHED_DATE,GOODS_TOTAL_PAGE,GOODS_ISBN,GOODS_DELIVERY_PRICE,GOODS_DELIVERY_DATE,GOODS_STATUS,GOODS_CREDATE) values (343,'컴퓨터와 인터넷','기적의 계산법','이순신','국민 출판사',30000,30000,777,to_date('18/10/04','RR/MM/DD'),990,'777',2000,to_date('18/11/22','RR/MM/DD'),'bestseller',to_date('25/07/27','RR/MM/DD'));
Insert into T_SHOPPING_GOODS (GOODS_ID,GOODS_SORT,GOODS_TITLE,GOODS_WRITER,GOODS_PUBLISHER,GOODS_PRICE,GOODS_SALES_PRICE,GOODS_POINT,GOODS_PUBLISHED_DATE,GOODS_TOTAL_PAGE,GOODS_ISBN,GOODS_DELIVERY_PRICE,GOODS_DELIVERY_DATE,GOODS_STATUS,GOODS_CREDATE) values (344,'컴퓨터와 인터넷','초보자를 위한 자바 프로그래밍','이병승','인포북',30000,27000,2000,to_date('18/10/02','RR/MM/DD'),996,'2323454566778',2000,to_date('18/10/18','RR/MM/DD'),'newbook',to_date('25/07/11','RR/MM/DD'));
Insert into T_SHOPPING_GOODS (GOODS_ID,GOODS_SORT,GOODS_TITLE,GOODS_WRITER,GOODS_PUBLISHER,GOODS_PRICE,GOODS_SALES_PRICE,GOODS_POINT,GOODS_PUBLISHED_DATE,GOODS_TOTAL_PAGE,GOODS_ISBN,GOODS_DELIVERY_PRICE,GOODS_DELIVERY_DATE,GOODS_STATUS,GOODS_CREDATE) values (345,'컴퓨터와 인터넷','리액트를 다루는 기술','이순신','민국 출판사',30000,30000,888,to_date('18/10/12','RR/MM/DD'),888,'8888',888,to_date('18/10/18','RR/MM/DD'),'newbook',to_date('25/07/11','RR/MM/DD'));
Insert into T_SHOPPING_GOODS (GOODS_ID,GOODS_SORT,GOODS_TITLE,GOODS_WRITER,GOODS_PUBLISHER,GOODS_PRICE,GOODS_SALES_PRICE,GOODS_POINT,GOODS_PUBLISHED_DATE,GOODS_TOTAL_PAGE,GOODS_ISBN,GOODS_DELIVERY_PRICE,GOODS_DELIVERY_DATE,GOODS_STATUS,GOODS_CREDATE) values (346,'컴퓨터와 인터넷','여행 일본어','이길동','국민 출판사',30000,30000,898,to_date('18/10/23','RR/MM/DD'),8989,'8989',8989,to_date('18/10/18','RR/MM/DD'),'on_sale',to_date('25/07/11','RR/MM/DD'));
Insert into T_SHOPPING_GOODS (GOODS_ID,GOODS_SORT,GOODS_TITLE,GOODS_WRITER,GOODS_PUBLISHER,GOODS_PRICE,GOODS_SALES_PRICE,GOODS_POINT,GOODS_PUBLISHED_DATE,GOODS_TOTAL_PAGE,GOODS_ISBN,GOODS_DELIVERY_PRICE,GOODS_DELIVERY_DATE,GOODS_STATUS,GOODS_CREDATE) values (356,'컴퓨터와 인터넷','마인크래프트 무작정 따라하기','신윤철,이상민','길벗',14000,12000,1000,to_date('25/07/28','RR/MM/DD'),245,'12122222',2000,to_date('18/10/10','RR/MM/DD'),'bestseller',to_date('25/07/28','RR/MM/DD'));
Insert into T_SHOPPING_GOODS (GOODS_ID,GOODS_SORT,GOODS_TITLE,GOODS_WRITER,GOODS_PUBLISHER,GOODS_PRICE,GOODS_SALES_PRICE,GOODS_POINT,GOODS_PUBLISHED_DATE,GOODS_TOTAL_PAGE,GOODS_ISBN,GOODS_DELIVERY_PRICE,GOODS_DELIVERY_DATE,GOODS_STATUS,GOODS_CREDATE) values (354,'컴퓨터와 인터넷','모두의 딥러닝','조태호','길벗',24000,21600,1000,to_date('18/10/02','RR/MM/DD'),300,'2112121',3000,to_date('18/10/04','RR/MM/DD'),'bestseller',to_date('25/06/11','RR/MM/DD'));
Insert into T_SHOPPING_GOODS (GOODS_ID,GOODS_SORT,GOODS_TITLE,GOODS_WRITER,GOODS_PUBLISHER,GOODS_PRICE,GOODS_SALES_PRICE,GOODS_POINT,GOODS_PUBLISHED_DATE,GOODS_TOTAL_PAGE,GOODS_ISBN,GOODS_DELIVERY_PRICE,GOODS_DELIVERY_DATE,GOODS_STATUS,GOODS_CREDATE) values (398,'컴퓨터와 인터넷','Try! helloworld 자바스크립트','김용록','길벗',22000,19800,1000,to_date('18/05/22','RR/MM/DD'),336,'9791160504736',2000,to_date('18/10/17','RR/MM/DD'),'bestseller',to_date('25/06/11','RR/MM/DD'));
Insert into T_SHOPPING_GOODS (GOODS_ID,GOODS_SORT,GOODS_TITLE,GOODS_WRITER,GOODS_PUBLISHER,GOODS_PRICE,GOODS_SALES_PRICE,GOODS_POINT,GOODS_PUBLISHED_DATE,GOODS_TOTAL_PAGE,GOODS_ISBN,GOODS_DELIVERY_PRICE,GOODS_DELIVERY_DATE,GOODS_STATUS,GOODS_CREDATE) values (472,'컴퓨터와 인터넷','초보 개발자를 위한 자바','이병승','영진닷컴',40000,36000,1000,to_date('23/01/10','RR/MM/DD'),1111,'1111222233333',2222,to_date('25/08/16','RR/MM/DD'),'bestseller',to_date('25/08/11','RR/MM/DD'));
Insert into T_SHOPPING_GOODS (GOODS_ID,GOODS_SORT,GOODS_TITLE,GOODS_WRITER,GOODS_PUBLISHER,GOODS_PRICE,GOODS_SALES_PRICE,GOODS_POINT,GOODS_PUBLISHED_DATE,GOODS_TOTAL_PAGE,GOODS_ISBN,GOODS_DELIVERY_PRICE,GOODS_DELIVERY_DATE,GOODS_STATUS,GOODS_CREDATE) values (480,'컴퓨터와 인터넷','자바 웹을 다루는 기술','이병승','길벗',45000,40500,1500,to_date('18/06/08','RR/MM/DD'),1200,'2232323',1500,to_date('25/08/14','RR/MM/DD'),'bestseller',to_date('25/08/16','RR/MM/DD'));
Insert into T_SHOPPING_GOODS (GOODS_ID,GOODS_SORT,GOODS_TITLE,GOODS_WRITER,GOODS_PUBLISHER,GOODS_PRICE,GOODS_SALES_PRICE,GOODS_POINT,GOODS_PUBLISHED_DATE,GOODS_TOTAL_PAGE,GOODS_ISBN,GOODS_DELIVERY_PRICE,GOODS_DELIVERY_DATE,GOODS_STATUS,GOODS_CREDATE) values (341,'컴퓨터와 인터넷','자바스크립트 배우기','홍길동','서울 출판사',25000,25000,2222,to_date('18/10/18','RR/MM/DD'),2222,'2222',2222,to_date('18/10/18','RR/MM/DD'),'bestseller',to_date('25/07/29','RR/MM/DD'));
Insert into T_SHOPPING_GOODS (GOODS_ID,GOODS_SORT,GOODS_TITLE,GOODS_WRITER,GOODS_PUBLISHER,GOODS_PRICE,GOODS_SALES_PRICE,GOODS_POINT,GOODS_PUBLISHED_DATE,GOODS_TOTAL_PAGE,GOODS_ISBN,GOODS_DELIVERY_PRICE,GOODS_DELIVERY_DATE,GOODS_STATUS,GOODS_CREDATE) values (503,'컴퓨터와 인터넷','자바 웹을 다루는 기술','1111','1111',1111,1111,111,to_date('25/08/17','RR/MM/DD'),1111,'111',1111,to_date('25/08/26','RR/MM/DD'),'steadyseller',to_date('25/08/26','RR/MM/DD'));
Insert into T_SHOPPING_GOODS (GOODS_ID,GOODS_SORT,GOODS_TITLE,GOODS_WRITER,GOODS_PUBLISHER,GOODS_PRICE,GOODS_SALES_PRICE,GOODS_POINT,GOODS_PUBLISHED_DATE,GOODS_TOTAL_PAGE,GOODS_ISBN,GOODS_DELIVERY_PRICE,GOODS_DELIVERY_DATE,GOODS_STATUS,GOODS_CREDATE) values (506,'컴퓨터와 인터넷','초보 개발자 자바','이병승','영진출판사',40000,36000,2000,to_date('24/12/31','RR/MM/DD'),1300,'1111222233334444',1200,to_date('25/08/27','RR/MM/DD'),'newbook',to_date('25/08/26','RR/MM/DD'));
Insert into T_SHOPPING_GOODS (GOODS_ID,GOODS_SORT,GOODS_TITLE,GOODS_WRITER,GOODS_PUBLISHER,GOODS_PRICE,GOODS_SALES_PRICE,GOODS_POINT,GOODS_PUBLISHED_DATE,GOODS_TOTAL_PAGE,GOODS_ISBN,GOODS_DELIVERY_PRICE,GOODS_DELIVERY_DATE,GOODS_STATUS,GOODS_CREDATE) values (504,'디지털 기기','초보 개발자를 위한 자바','이병승','영진닷컴',40000,36000,2000,to_date('24/06/05','RR/MM/DD'),1200,'111122223333',1000,to_date('25/08/28','RR/MM/DD'),'bestseller',to_date('25/08/24','RR/MM/DD'));
Insert into T_SHOPPING_GOODS (GOODS_ID,GOODS_SORT,GOODS_TITLE,GOODS_WRITER,GOODS_PUBLISHER,GOODS_PRICE,GOODS_SALES_PRICE,GOODS_POINT,GOODS_PUBLISHED_DATE,GOODS_TOTAL_PAGE,GOODS_ISBN,GOODS_DELIVERY_PRICE,GOODS_DELIVERY_DATE,GOODS_STATUS,GOODS_CREDATE) values (505,'컴퓨터와 인터넷','자바웹을 다루는 기술','이병승','영진닷컴',3333,3333,3333,to_date('24/05/08','RR/MM/DD'),3333,'333',3333,to_date('25/08/28','RR/MM/DD'),'newbook',to_date('25/08/26','RR/MM/DD'));
REM INSERTING into T_SHOPPING_ORDER
SET DEFINE OFF;
Insert into T_SHOPPING_ORDER (ORDER_SEQ_NUM,ORDER_ID,MEMBER_ID,GOODS_ID,ORDERER_NAME,GOODS_TITLE,ORDER_GOODS_QTY,GOODS_SALES_PRICE,GOODS_FILENAME,RECEIVER_NAME,RECEIVER_HP1,RECEIVER_HP2,RECEIVER_HP3,RECEIVER_TEL1,RECEIVER_TEL2,RECEIVER_TEL3,DELIVERY_ADDRESS,DELIVERY_METHOD,DELIVERY_MESSAGE,GIFT_WRAPPING,PAY_METHOD,CARD_COM_NAME,CARD_PAY_MONTH,PAY_ORDERER_HP_NUM,DELIVERY_STATE,PAY_ORDER_TIME,ORDERER_HP,GOODS_DELIVERY_PRICE,GOODS_PRICE) values (747,458,'lee2',394,'이순신','무작정 따라가기 홍콩 마카오',1,27000,'무작정 따라가기 홍콩 마카오.jpg','이순신','010','1111','2222','02','2222',' 2323','우편번호:04533<br>도로명 주소:서울 중구 을지로 6 (을지로1가)<br>[지번 주소:서울 중구 을지로1가 192-11]<br>가동112호','일반택배',null,'no','신용카드<br>카드사:삼성<br>할부개월수:일시불','삼성','일시불','해당없음','delivering',to_date('25/07/24','RR/MM/DD'),'010-1111-2222',null,null);
Insert into T_SHOPPING_ORDER (ORDER_SEQ_NUM,ORDER_ID,MEMBER_ID,GOODS_ID,ORDERER_NAME,GOODS_TITLE,ORDER_GOODS_QTY,GOODS_SALES_PRICE,GOODS_FILENAME,RECEIVER_NAME,RECEIVER_HP1,RECEIVER_HP2,RECEIVER_HP3,RECEIVER_TEL1,RECEIVER_TEL2,RECEIVER_TEL3,DELIVERY_ADDRESS,DELIVERY_METHOD,DELIVERY_MESSAGE,GIFT_WRAPPING,PAY_METHOD,CARD_COM_NAME,CARD_PAY_MONTH,PAY_ORDERER_HP_NUM,DELIVERY_STATE,PAY_ORDER_TIME,ORDERER_HP,GOODS_DELIVERY_PRICE,GOODS_PRICE) values (760,459,'lee2',354,'이순신','모두의 딥러닝',1,21600,'모두의 딥러닝_메인.jpg','이순신','010','1111','2222','02','2222',' 2323','우편번호:04533<br>도로명 주소:서울 중구 을지로 6 (을지로1가)<br>[지번 주소:서울 중구 을지로1가 192-11]<br>가동112호','일반택배',null,'no','신용카드<br>카드사:삼성<br>할부개월수:일시불','삼성','일시불','해당없음','delivery_prepared',to_date('25/07/25','RR/MM/DD'),'010-1111-2222',null,null);
Insert into T_SHOPPING_ORDER (ORDER_SEQ_NUM,ORDER_ID,MEMBER_ID,GOODS_ID,ORDERER_NAME,GOODS_TITLE,ORDER_GOODS_QTY,GOODS_SALES_PRICE,GOODS_FILENAME,RECEIVER_NAME,RECEIVER_HP1,RECEIVER_HP2,RECEIVER_HP3,RECEIVER_TEL1,RECEIVER_TEL2,RECEIVER_TEL3,DELIVERY_ADDRESS,DELIVERY_METHOD,DELIVERY_MESSAGE,GIFT_WRAPPING,PAY_METHOD,CARD_COM_NAME,CARD_PAY_MONTH,PAY_ORDERER_HP_NUM,DELIVERY_STATE,PAY_ORDER_TIME,ORDERER_HP,GOODS_DELIVERY_PRICE,GOODS_PRICE) values (780,460,'lee2',356,'이순신','마인크래프트 무작정 따라하기',1,12000,'마인_메인.jpg','이순신','010','1111','2222','02','2222',' 2323','우편번호:04533<br>도로명 주소:서울 중구 을지로 6 (을지로1가)<br>[지번 주소:서울 중구 을지로1가 192-11]<br>가동112호','일반택배',null,'no','신용카드<br>카드사:삼성<br>할부개월수:일시불','삼성','일시불','해당없음','delivery_prepared',to_date('25/07/25','RR/MM/DD'),'010-1111-2222',null,null);
Insert into T_SHOPPING_ORDER (ORDER_SEQ_NUM,ORDER_ID,MEMBER_ID,GOODS_ID,ORDERER_NAME,GOODS_TITLE,ORDER_GOODS_QTY,GOODS_SALES_PRICE,GOODS_FILENAME,RECEIVER_NAME,RECEIVER_HP1,RECEIVER_HP2,RECEIVER_HP3,RECEIVER_TEL1,RECEIVER_TEL2,RECEIVER_TEL3,DELIVERY_ADDRESS,DELIVERY_METHOD,DELIVERY_MESSAGE,GIFT_WRAPPING,PAY_METHOD,CARD_COM_NAME,CARD_PAY_MONTH,PAY_ORDERER_HP_NUM,DELIVERY_STATE,PAY_ORDER_TIME,ORDERER_HP,GOODS_DELIVERY_PRICE,GOODS_PRICE) values (781,460,'lee2',336,'이순신','짠테크 가계부',1,30000,'짠테그 가계부_메인.jpg','이순신','010','1111','2222','02','2222',' 2323','우편번호:04533<br>도로명 주소:서울 중구 을지로 6 (을지로1가)<br>[지번 주소:서울 중구 을지로1가 192-11]<br>가동112호','일반택배',null,'no','신용카드<br>카드사:삼성<br>할부개월수:일시불','삼성','일시불','해당없음','delivery_prepared',to_date('25/07/25','RR/MM/DD'),'010-1111-2222',null,null);
Insert into T_SHOPPING_ORDER (ORDER_SEQ_NUM,ORDER_ID,MEMBER_ID,GOODS_ID,ORDERER_NAME,GOODS_TITLE,ORDER_GOODS_QTY,GOODS_SALES_PRICE,GOODS_FILENAME,RECEIVER_NAME,RECEIVER_HP1,RECEIVER_HP2,RECEIVER_HP3,RECEIVER_TEL1,RECEIVER_TEL2,RECEIVER_TEL3,DELIVERY_ADDRESS,DELIVERY_METHOD,DELIVERY_MESSAGE,GIFT_WRAPPING,PAY_METHOD,CARD_COM_NAME,CARD_PAY_MONTH,PAY_ORDERER_HP_NUM,DELIVERY_STATE,PAY_ORDER_TIME,ORDERER_HP,GOODS_DELIVERY_PRICE,GOODS_PRICE) values (744,456,'lee2',354,'이순신','모두의 딥러닝',1,21600,'모두의 딥러닝_메인.jpg','이순신','010','1111','2222','02','2222',' 2323','우편번호:04533<br>도로명 주소:서울 중구 을지로 6 (을지로1가)<br>[지번 주소:서울 중구 을지로1가 192-11]<br>가동112호','일반택배',null,'no','신용카드<br>카드사:삼성<br>할부개월수:일시불','삼성','일시불','해당없음','delivery_prepared',to_date('25/07/24','RR/MM/DD'),'010-1111-2222',null,null);
Insert into T_SHOPPING_ORDER (ORDER_SEQ_NUM,ORDER_ID,MEMBER_ID,GOODS_ID,ORDERER_NAME,GOODS_TITLE,ORDER_GOODS_QTY,GOODS_SALES_PRICE,GOODS_FILENAME,RECEIVER_NAME,RECEIVER_HP1,RECEIVER_HP2,RECEIVER_HP3,RECEIVER_TEL1,RECEIVER_TEL2,RECEIVER_TEL3,DELIVERY_ADDRESS,DELIVERY_METHOD,DELIVERY_MESSAGE,GIFT_WRAPPING,PAY_METHOD,CARD_COM_NAME,CARD_PAY_MONTH,PAY_ORDERER_HP_NUM,DELIVERY_STATE,PAY_ORDER_TIME,ORDERER_HP,GOODS_DELIVERY_PRICE,GOODS_PRICE) values (745,456,'lee2',337,'이순신','케라스로 배우는 딥러닝',1,30000,'케라시_메인.jpg','이순신','010','1111','2222','02','2222',' 2323','우편번호:04533<br>도로명 주소:서울 중구 을지로 6 (을지로1가)<br>[지번 주소:서울 중구 을지로1가 192-11]<br>가동112호','일반택배',null,'no','신용카드<br>카드사:삼성<br>할부개월수:일시불','삼성','일시불','해당없음','delivery_prepared',to_date('25/07/24','RR/MM/DD'),'010-1111-2222',null,null);
Insert into T_SHOPPING_ORDER (ORDER_SEQ_NUM,ORDER_ID,MEMBER_ID,GOODS_ID,ORDERER_NAME,GOODS_TITLE,ORDER_GOODS_QTY,GOODS_SALES_PRICE,GOODS_FILENAME,RECEIVER_NAME,RECEIVER_HP1,RECEIVER_HP2,RECEIVER_HP3,RECEIVER_TEL1,RECEIVER_TEL2,RECEIVER_TEL3,DELIVERY_ADDRESS,DELIVERY_METHOD,DELIVERY_MESSAGE,GIFT_WRAPPING,PAY_METHOD,CARD_COM_NAME,CARD_PAY_MONTH,PAY_ORDERER_HP_NUM,DELIVERY_STATE,PAY_ORDER_TIME,ORDERER_HP,GOODS_DELIVERY_PRICE,GOODS_PRICE) values (746,457,'lee2',394,'이순신','무작정 따라가기 홍콩 마카오',2,27000,'무작정 따라가기 홍콩 마카오.jpg','이순신','010','1111','2222','02','2222',' 2323','우편번호:04533<br>도로명 주소:서울 중구 을지로 6 (을지로1가)<br>[지번 주소:서울 중구 을지로1가 192-11]<br>가동112호','일반택배',null,'no','신용카드<br>카드사:삼성<br>할부개월수:일시불','삼성','일시불','해당없음','delivering',to_date('25/07/24','RR/MM/DD'),'010-1111-2222',null,null);
Insert into T_SHOPPING_ORDER (ORDER_SEQ_NUM,ORDER_ID,MEMBER_ID,GOODS_ID,ORDERER_NAME,GOODS_TITLE,ORDER_GOODS_QTY,GOODS_SALES_PRICE,GOODS_FILENAME,RECEIVER_NAME,RECEIVER_HP1,RECEIVER_HP2,RECEIVER_HP3,RECEIVER_TEL1,RECEIVER_TEL2,RECEIVER_TEL3,DELIVERY_ADDRESS,DELIVERY_METHOD,DELIVERY_MESSAGE,GIFT_WRAPPING,PAY_METHOD,CARD_COM_NAME,CARD_PAY_MONTH,PAY_ORDERER_HP_NUM,DELIVERY_STATE,PAY_ORDER_TIME,ORDERER_HP,GOODS_DELIVERY_PRICE,GOODS_PRICE) values (820,464,'lee2',354,'이순신','모두의 딥러닝',3,21600,'모두의 딥러닝_메인.jpg','이순신','010','1111','2222','02','2222',' 2323','우편번호:42009<br>도로명 주소:대구 수성구 국채보상로 804 (범어동)<br>[지번 주소:대구 수성구 범어동 1109]<br>리치 빌라 가동112호','일반택배',null,'no','신용카드<br>카드사:삼성<br>할부개월수:일시불','삼성','일시불','해당없음','delivering',to_date('25/07/26','RR/MM/DD'),'010-1111-2222',null,null);
Insert into T_SHOPPING_ORDER (ORDER_SEQ_NUM,ORDER_ID,MEMBER_ID,GOODS_ID,ORDERER_NAME,GOODS_TITLE,ORDER_GOODS_QTY,GOODS_SALES_PRICE,GOODS_FILENAME,RECEIVER_NAME,RECEIVER_HP1,RECEIVER_HP2,RECEIVER_HP3,RECEIVER_TEL1,RECEIVER_TEL2,RECEIVER_TEL3,DELIVERY_ADDRESS,DELIVERY_METHOD,DELIVERY_MESSAGE,GIFT_WRAPPING,PAY_METHOD,CARD_COM_NAME,CARD_PAY_MONTH,PAY_ORDERER_HP_NUM,DELIVERY_STATE,PAY_ORDER_TIME,ORDERER_HP,GOODS_DELIVERY_PRICE,GOODS_PRICE) values (821,465,'lee2',356,'이순신','마인크래프트 무작정 따라하기',1,12000,'마인_메인.jpg','이순신','010','1111','2222','02','2222',' 2323','우편번호:13543<br>도로명 주소:경기 성남시 분당구 대왕판교로 364 (백현동)<br>[지번 주소:경기 성남시 분당구 백현동 472-110]<br>백현 아파트 가동 311호','일반택배',null,'no','신용카드<br>카드사:삼성<br>할부개월수:일시불','삼성','일시불','해당없음','finished_delivering',to_date('25/07/26','RR/MM/DD'),'010-1111-2222',null,null);
Insert into T_SHOPPING_ORDER (ORDER_SEQ_NUM,ORDER_ID,MEMBER_ID,GOODS_ID,ORDERER_NAME,GOODS_TITLE,ORDER_GOODS_QTY,GOODS_SALES_PRICE,GOODS_FILENAME,RECEIVER_NAME,RECEIVER_HP1,RECEIVER_HP2,RECEIVER_HP3,RECEIVER_TEL1,RECEIVER_TEL2,RECEIVER_TEL3,DELIVERY_ADDRESS,DELIVERY_METHOD,DELIVERY_MESSAGE,GIFT_WRAPPING,PAY_METHOD,CARD_COM_NAME,CARD_PAY_MONTH,PAY_ORDERER_HP_NUM,DELIVERY_STATE,PAY_ORDER_TIME,ORDERER_HP,GOODS_DELIVERY_PRICE,GOODS_PRICE) values (822,465,'lee2',342,'이순신','부동산 상식 사전',1,20000,'부동상 상식사전_메인.jpg','이순신','010','1111','2222','02','2222',' 2323','우편번호:13543<br>도로명 주소:경기 성남시 분당구 대왕판교로 364 (백현동)<br>[지번 주소:경기 성남시 분당구 백현동 472-110]<br>백현 아파트 가동 311호','일반택배',null,'no','신용카드<br>카드사:삼성<br>할부개월수:일시불','삼성','일시불','해당없음','finished_delivering',to_date('25/07/26','RR/MM/DD'),'010-1111-2222',null,null);
Insert into T_SHOPPING_ORDER (ORDER_SEQ_NUM,ORDER_ID,MEMBER_ID,GOODS_ID,ORDERER_NAME,GOODS_TITLE,ORDER_GOODS_QTY,GOODS_SALES_PRICE,GOODS_FILENAME,RECEIVER_NAME,RECEIVER_HP1,RECEIVER_HP2,RECEIVER_HP3,RECEIVER_TEL1,RECEIVER_TEL2,RECEIVER_TEL3,DELIVERY_ADDRESS,DELIVERY_METHOD,DELIVERY_MESSAGE,GIFT_WRAPPING,PAY_METHOD,CARD_COM_NAME,CARD_PAY_MONTH,PAY_ORDERER_HP_NUM,DELIVERY_STATE,PAY_ORDER_TIME,ORDERER_HP,GOODS_DELIVERY_PRICE,GOODS_PRICE) values (860,467,'lee2',472,'이순신','초보 개발자를 위한 자바',1,34000,'초보 개발자 자바 메인 이미지.jpg','이순신','010','1111','2222','02','2222',' 2323','우편번호:04533<br>도로명 주소:서울 중구 을지로 6 (을지로1가)<br>[지번 주소:서울 중구 을지로1가 192-11]<br>가동112호','일반택배',null,'no','신용카드<br>카드사:삼성<br>할부개월수:일시불','삼성','일시불','해당없음','cancel_order',to_date('25/08/14','RR/MM/DD'),'010-1111-2222',null,null);
Insert into T_SHOPPING_ORDER (ORDER_SEQ_NUM,ORDER_ID,MEMBER_ID,GOODS_ID,ORDERER_NAME,GOODS_TITLE,ORDER_GOODS_QTY,GOODS_SALES_PRICE,GOODS_FILENAME,RECEIVER_NAME,RECEIVER_HP1,RECEIVER_HP2,RECEIVER_HP3,RECEIVER_TEL1,RECEIVER_TEL2,RECEIVER_TEL3,DELIVERY_ADDRESS,DELIVERY_METHOD,DELIVERY_MESSAGE,GIFT_WRAPPING,PAY_METHOD,CARD_COM_NAME,CARD_PAY_MONTH,PAY_ORDERER_HP_NUM,DELIVERY_STATE,PAY_ORDER_TIME,ORDERER_HP,GOODS_DELIVERY_PRICE,GOODS_PRICE) values (880,468,'lee2',480,'이순신','자바 웹을 다룬는 기술',1,40500,'자바웹 메인이미지.jpg','이순신','010','1111','2222','02','2222',' 2323','우편번호:04533<br>도로명 주소:서울 중구 을지로 6 (을지로1가)<br>[지번 주소:서울 중구 을지로1가 192-11]<br>가동112호','일반택배',null,'no','신용카드<br>카드사:삼성<br>할부개월수:일시불','삼성','일시불','해당없음','delivering',to_date('25/08/14','RR/MM/DD'),'010-1111-2222',null,null);
Insert into T_SHOPPING_ORDER (ORDER_SEQ_NUM,ORDER_ID,MEMBER_ID,GOODS_ID,ORDERER_NAME,GOODS_TITLE,ORDER_GOODS_QTY,GOODS_SALES_PRICE,GOODS_FILENAME,RECEIVER_NAME,RECEIVER_HP1,RECEIVER_HP2,RECEIVER_HP3,RECEIVER_TEL1,RECEIVER_TEL2,RECEIVER_TEL3,DELIVERY_ADDRESS,DELIVERY_METHOD,DELIVERY_MESSAGE,GIFT_WRAPPING,PAY_METHOD,CARD_COM_NAME,CARD_PAY_MONTH,PAY_ORDERER_HP_NUM,DELIVERY_STATE,PAY_ORDER_TIME,ORDERER_HP,GOODS_DELIVERY_PRICE,GOODS_PRICE) values (940,471,'lee2',480,'이순신','자바 웹을 다루는 기술',1,40500,'자바웹 메인이미지.jpg','이순신','010','1111','2222','02','2222',' 2323','우편번호:04533<br>도로명 주소:서울 중구 을지로 6 (을지로1가)<br>[지번 주소:서울 중구 을지로1가 192-11]<br>가동112호','일반택배',null,'no','신용카드<br>카드사:삼성<br>할부개월수:일시불','삼성','일시불','해당없음','delivery_prepared',to_date('25/08/19','RR/MM/DD'),'010-1111-2222',null,45000);
Insert into T_SHOPPING_ORDER (ORDER_SEQ_NUM,ORDER_ID,MEMBER_ID,GOODS_ID,ORDERER_NAME,GOODS_TITLE,ORDER_GOODS_QTY,GOODS_SALES_PRICE,GOODS_FILENAME,RECEIVER_NAME,RECEIVER_HP1,RECEIVER_HP2,RECEIVER_HP3,RECEIVER_TEL1,RECEIVER_TEL2,RECEIVER_TEL3,DELIVERY_ADDRESS,DELIVERY_METHOD,DELIVERY_MESSAGE,GIFT_WRAPPING,PAY_METHOD,CARD_COM_NAME,CARD_PAY_MONTH,PAY_ORDERER_HP_NUM,DELIVERY_STATE,PAY_ORDER_TIME,ORDERER_HP,GOODS_DELIVERY_PRICE,GOODS_PRICE) values (941,472,'lee2',472,'이순신','초보 개발자를 위한 자바',1,34000,'초보 개발자 자바 메인 이미지.jpg','이순신','010','1111','2222','02','2222',' 2323','우편번호:04533<br>도로명 주소:서울 중구 을지로 6 (을지로1가)<br>[지번 주소:서울 중구 을지로1가 192-11]<br>가동112호','일반택배',null,'no','신용카드<br>카드사:하나SK<br>할부개월수:일시불','하나SK','일시불','해당없음','delivery_prepared',to_date('25/08/19','RR/MM/DD'),'010-1111-2222',null,40000);
Insert into T_SHOPPING_ORDER (ORDER_SEQ_NUM,ORDER_ID,MEMBER_ID,GOODS_ID,ORDERER_NAME,GOODS_TITLE,ORDER_GOODS_QTY,GOODS_SALES_PRICE,GOODS_FILENAME,RECEIVER_NAME,RECEIVER_HP1,RECEIVER_HP2,RECEIVER_HP3,RECEIVER_TEL1,RECEIVER_TEL2,RECEIVER_TEL3,DELIVERY_ADDRESS,DELIVERY_METHOD,DELIVERY_MESSAGE,GIFT_WRAPPING,PAY_METHOD,CARD_COM_NAME,CARD_PAY_MONTH,PAY_ORDERER_HP_NUM,DELIVERY_STATE,PAY_ORDER_TIME,ORDERER_HP,GOODS_DELIVERY_PRICE,GOODS_PRICE) values (942,473,'lee2',480,'이순신','자바 웹을 다루는 기술',1,40500,'자바웹 메인이미지.jpg','이순신','010','1111','2222','02','2222',' 2323','우편번호:04533<br>도로명 주소:서울 중구 을지로 6 (을지로1가)<br>[지번 주소:서울 중구 을지로1가 192-11]<br>가동112호','일반택배',null,'no','신용카드<br>카드사:삼성<br>할부개월수:일시불','삼성','일시불','해당없음','delivery_prepared',to_date('25/08/19','RR/MM/DD'),'010-1111-2222',null,45000);
Insert into T_SHOPPING_ORDER (ORDER_SEQ_NUM,ORDER_ID,MEMBER_ID,GOODS_ID,ORDERER_NAME,GOODS_TITLE,ORDER_GOODS_QTY,GOODS_SALES_PRICE,GOODS_FILENAME,RECEIVER_NAME,RECEIVER_HP1,RECEIVER_HP2,RECEIVER_HP3,RECEIVER_TEL1,RECEIVER_TEL2,RECEIVER_TEL3,DELIVERY_ADDRESS,DELIVERY_METHOD,DELIVERY_MESSAGE,GIFT_WRAPPING,PAY_METHOD,CARD_COM_NAME,CARD_PAY_MONTH,PAY_ORDERER_HP_NUM,DELIVERY_STATE,PAY_ORDER_TIME,ORDERER_HP,GOODS_DELIVERY_PRICE,GOODS_PRICE) values (943,474,'lee2',480,'이순신','자바 웹을 다루는 기술',1,40500,'자바웹 메인이미지.jpg','이순신','010','1111','2222','02','2222',' 2323','우편번호:04533<br>도로명 주소:서울 중구 을지로 6 (을지로1가)<br>[지번 주소:서울 중구 을지로1가 192-11]<br>가동112호','일반택배',null,'no','신용카드<br>카드사:현대<br>할부개월수:일시불','현대','일시불','해당없음','cancel_order',to_date('25/08/19','RR/MM/DD'),'010-1111-2222',null,45000);
Insert into T_SHOPPING_ORDER (ORDER_SEQ_NUM,ORDER_ID,MEMBER_ID,GOODS_ID,ORDERER_NAME,GOODS_TITLE,ORDER_GOODS_QTY,GOODS_SALES_PRICE,GOODS_FILENAME,RECEIVER_NAME,RECEIVER_HP1,RECEIVER_HP2,RECEIVER_HP3,RECEIVER_TEL1,RECEIVER_TEL2,RECEIVER_TEL3,DELIVERY_ADDRESS,DELIVERY_METHOD,DELIVERY_MESSAGE,GIFT_WRAPPING,PAY_METHOD,CARD_COM_NAME,CARD_PAY_MONTH,PAY_ORDERER_HP_NUM,DELIVERY_STATE,PAY_ORDER_TIME,ORDERER_HP,GOODS_DELIVERY_PRICE,GOODS_PRICE) values (660,427,'lee2',354,'이순신','모두의 딥러닝',1,21600,'모두의 딥러닝_메인.jpg','이순신','010','1111','2222','02','2222',' 2323','우편번호:04533<br>도로명 주소:서울 중구 을지로 6 (을지로1가)<br>[지번 주소:서울 중구 을지로1가 192-11]<br>가동112호','일반택배','부재 시 문앞에 놓아두세요.','no','신용카드<br>카드사:삼성<br>할부개월수:일시불','삼성','일시불','해당없음','delivery_prepared',to_date('25/07/23','RR/MM/DD'),'010-1111-2222',null,null);
Insert into T_SHOPPING_ORDER (ORDER_SEQ_NUM,ORDER_ID,MEMBER_ID,GOODS_ID,ORDERER_NAME,GOODS_TITLE,ORDER_GOODS_QTY,GOODS_SALES_PRICE,GOODS_FILENAME,RECEIVER_NAME,RECEIVER_HP1,RECEIVER_HP2,RECEIVER_HP3,RECEIVER_TEL1,RECEIVER_TEL2,RECEIVER_TEL3,DELIVERY_ADDRESS,DELIVERY_METHOD,DELIVERY_MESSAGE,GIFT_WRAPPING,PAY_METHOD,CARD_COM_NAME,CARD_PAY_MONTH,PAY_ORDERER_HP_NUM,DELIVERY_STATE,PAY_ORDER_TIME,ORDERER_HP,GOODS_DELIVERY_PRICE,GOODS_PRICE) values (661,427,'lee2',336,'이순신','짠테크 가계부',1,30000,'짠테그 가계부_메인.jpg','이순신','010','1111','2222','02','2222',' 2323','우편번호:04533<br>도로명 주소:서울 중구 을지로 6 (을지로1가)<br>[지번 주소:서울 중구 을지로1가 192-11]<br>가동112호','일반택배','부재 시 문앞에 놓아두세요.','no','신용카드<br>카드사:삼성<br>할부개월수:일시불','삼성','일시불','해당없음','delivery_prepared',to_date('25/07/23','RR/MM/DD'),'010-1111-2222',null,null);
Insert into T_SHOPPING_ORDER (ORDER_SEQ_NUM,ORDER_ID,MEMBER_ID,GOODS_ID,ORDERER_NAME,GOODS_TITLE,ORDER_GOODS_QTY,GOODS_SALES_PRICE,GOODS_FILENAME,RECEIVER_NAME,RECEIVER_HP1,RECEIVER_HP2,RECEIVER_HP3,RECEIVER_TEL1,RECEIVER_TEL2,RECEIVER_TEL3,DELIVERY_ADDRESS,DELIVERY_METHOD,DELIVERY_MESSAGE,GIFT_WRAPPING,PAY_METHOD,CARD_COM_NAME,CARD_PAY_MONTH,PAY_ORDERER_HP_NUM,DELIVERY_STATE,PAY_ORDER_TIME,ORDERER_HP,GOODS_DELIVERY_PRICE,GOODS_PRICE) values (562,422,'lee2',354,'이순신','모두의 딥러닝',1,21600,'모두의 딥러닝_메인.jpg','이순신','010','1111','2222','02','111','1212','우편번호:13536<br>도로명 주소:경기 성남시 분당구 판교역로 4 (백현동)<br>[지번 주소:경기 성남시 분당구 백현동 582-7]<br>가동112호','일반택배',null,'no','신용카드<br>카드사:삼성<br>할부개월수:일시불','삼성','일시불','해당없음','cancel_order',to_date('25/07/19','RR/MM/DD'),'010-1111-2222',null,null);
Insert into T_SHOPPING_ORDER (ORDER_SEQ_NUM,ORDER_ID,MEMBER_ID,GOODS_ID,ORDERER_NAME,GOODS_TITLE,ORDER_GOODS_QTY,GOODS_SALES_PRICE,GOODS_FILENAME,RECEIVER_NAME,RECEIVER_HP1,RECEIVER_HP2,RECEIVER_HP3,RECEIVER_TEL1,RECEIVER_TEL2,RECEIVER_TEL3,DELIVERY_ADDRESS,DELIVERY_METHOD,DELIVERY_MESSAGE,GIFT_WRAPPING,PAY_METHOD,CARD_COM_NAME,CARD_PAY_MONTH,PAY_ORDERER_HP_NUM,DELIVERY_STATE,PAY_ORDER_TIME,ORDERER_HP,GOODS_DELIVERY_PRICE,GOODS_PRICE) values (563,422,'lee2',356,'이순신','마인크래프트 무작정 따라하기',1,12000,'마인_메인.jpg','이순신','010','1111','2222','02','111','1212','우편번호:13536<br>도로명 주소:경기 성남시 분당구 판교역로 4 (백현동)<br>[지번 주소:경기 성남시 분당구 백현동 582-7]<br>가동112호','일반택배',null,'no','신용카드<br>카드사:삼성<br>할부개월수:일시불','삼성','일시불','해당없음','cancel_order',to_date('25/07/19','RR/MM/DD'),'010-1111-2222',null,null);
Insert into T_SHOPPING_ORDER (ORDER_SEQ_NUM,ORDER_ID,MEMBER_ID,GOODS_ID,ORDERER_NAME,GOODS_TITLE,ORDER_GOODS_QTY,GOODS_SALES_PRICE,GOODS_FILENAME,RECEIVER_NAME,RECEIVER_HP1,RECEIVER_HP2,RECEIVER_HP3,RECEIVER_TEL1,RECEIVER_TEL2,RECEIVER_TEL3,DELIVERY_ADDRESS,DELIVERY_METHOD,DELIVERY_MESSAGE,GIFT_WRAPPING,PAY_METHOD,CARD_COM_NAME,CARD_PAY_MONTH,PAY_ORDERER_HP_NUM,DELIVERY_STATE,PAY_ORDER_TIME,ORDERER_HP,GOODS_DELIVERY_PRICE,GOODS_PRICE) values (800,461,'lee2',356,'이순신','마인크래프트 무작정 따라하기',1,12000,'마인_메인.jpg','이순신','010','1111','2222','02','2222',' 2323','우편번호:04533<br>도로명 주소:서울 중구 을지로 6 (을지로1가)<br>[지번 주소:서울 중구 을지로1가 192-11]<br>가동112호','일반택배','부재 시 문앞에 놓아두세요.','no','신용카드<br>카드사:삼성<br>할부개월수:일시불','삼성','일시불','해당없음','delivery_prepared',to_date('25/07/25','RR/MM/DD'),'010-1111-2222',null,null);
Insert into T_SHOPPING_ORDER (ORDER_SEQ_NUM,ORDER_ID,MEMBER_ID,GOODS_ID,ORDERER_NAME,GOODS_TITLE,ORDER_GOODS_QTY,GOODS_SALES_PRICE,GOODS_FILENAME,RECEIVER_NAME,RECEIVER_HP1,RECEIVER_HP2,RECEIVER_HP3,RECEIVER_TEL1,RECEIVER_TEL2,RECEIVER_TEL3,DELIVERY_ADDRESS,DELIVERY_METHOD,DELIVERY_MESSAGE,GIFT_WRAPPING,PAY_METHOD,CARD_COM_NAME,CARD_PAY_MONTH,PAY_ORDERER_HP_NUM,DELIVERY_STATE,PAY_ORDER_TIME,ORDERER_HP,GOODS_DELIVERY_PRICE,GOODS_PRICE) values (801,462,'lee2',342,'이순신','부동산 상식 사전',1,20000,'부동상 상식사전_메인.jpg','이순신','010','1111','2222','02','2222',' 2323','우편번호:04533<br>도로명 주소:서울 중구 을지로 6 (을지로1가)<br>[지번 주소:서울 중구 을지로1가 192-11]<br>가동112호','일반택배','부재 시 문앞에 놓아두세요.','no','신용카드<br>카드사:하나SK<br>할부개월수:일시불','하나SK','일시불','해당없음','delivery_prepared',to_date('25/07/25','RR/MM/DD'),'010-1111-2222',null,null);
Insert into T_SHOPPING_ORDER (ORDER_SEQ_NUM,ORDER_ID,MEMBER_ID,GOODS_ID,ORDERER_NAME,GOODS_TITLE,ORDER_GOODS_QTY,GOODS_SALES_PRICE,GOODS_FILENAME,RECEIVER_NAME,RECEIVER_HP1,RECEIVER_HP2,RECEIVER_HP3,RECEIVER_TEL1,RECEIVER_TEL2,RECEIVER_TEL3,DELIVERY_ADDRESS,DELIVERY_METHOD,DELIVERY_MESSAGE,GIFT_WRAPPING,PAY_METHOD,CARD_COM_NAME,CARD_PAY_MONTH,PAY_ORDERER_HP_NUM,DELIVERY_STATE,PAY_ORDER_TIME,ORDERER_HP,GOODS_DELIVERY_PRICE,GOODS_PRICE) values (802,463,'lee2',354,'이순신','모두의 딥러닝',1,21600,'모두의 딥러닝_메인.jpg','이순신','010','1111','2222','02','2222',' 2323','우편번호:04523<br>도로명 주소:서울 중구 남대문로9길 23-1 (을지로1가)<br>[지번 주소:서울 중구 을지로1가 95-4]<br>리치 빌랑 가동112호','일반택배','부재 시 문앞에 놓아두세요.','no','신용카드<br>카드사:삼성<br>할부개월수:일시불','삼성','일시불','해당없음','delivery_prepared',to_date('25/07/25','RR/MM/DD'),'010-1111-2222',null,null);
Insert into T_SHOPPING_ORDER (ORDER_SEQ_NUM,ORDER_ID,MEMBER_ID,GOODS_ID,ORDERER_NAME,GOODS_TITLE,ORDER_GOODS_QTY,GOODS_SALES_PRICE,GOODS_FILENAME,RECEIVER_NAME,RECEIVER_HP1,RECEIVER_HP2,RECEIVER_HP3,RECEIVER_TEL1,RECEIVER_TEL2,RECEIVER_TEL3,DELIVERY_ADDRESS,DELIVERY_METHOD,DELIVERY_MESSAGE,GIFT_WRAPPING,PAY_METHOD,CARD_COM_NAME,CARD_PAY_MONTH,PAY_ORDERER_HP_NUM,DELIVERY_STATE,PAY_ORDER_TIME,ORDERER_HP,GOODS_DELIVERY_PRICE,GOODS_PRICE) values (803,463,'lee2',336,'이순신','짠테크 가계부',2,30000,'짠테그 가계부_메인.jpg','이순신','010','1111','2222','02','2222',' 2323','우편번호:04523<br>도로명 주소:서울 중구 남대문로9길 23-1 (을지로1가)<br>[지번 주소:서울 중구 을지로1가 95-4]<br>리치 빌랑 가동112호','일반택배','부재 시 문앞에 놓아두세요.','no','신용카드<br>카드사:삼성<br>할부개월수:일시불','삼성','일시불','해당없음','delivery_prepared',to_date('25/07/25','RR/MM/DD'),'010-1111-2222',null,null);
Insert into T_SHOPPING_ORDER (ORDER_SEQ_NUM,ORDER_ID,MEMBER_ID,GOODS_ID,ORDERER_NAME,GOODS_TITLE,ORDER_GOODS_QTY,GOODS_SALES_PRICE,GOODS_FILENAME,RECEIVER_NAME,RECEIVER_HP1,RECEIVER_HP2,RECEIVER_HP3,RECEIVER_TEL1,RECEIVER_TEL2,RECEIVER_TEL3,DELIVERY_ADDRESS,DELIVERY_METHOD,DELIVERY_MESSAGE,GIFT_WRAPPING,PAY_METHOD,CARD_COM_NAME,CARD_PAY_MONTH,PAY_ORDERER_HP_NUM,DELIVERY_STATE,PAY_ORDER_TIME,ORDERER_HP,GOODS_DELIVERY_PRICE,GOODS_PRICE) values (840,466,'lee2',472,'이순신','초보 개발자를 위한 자바',1,34000,'초보 개발자 자바 메인 이미지.jpg','이순신','010','1111','2222','02','2222',' 2323','우편번호:04533<br>도로명 주소:서울 중구 을지로 6 (을지로1가)<br>[지번 주소:서울 중구 을지로1가 192-11]<br>가동112호','일반택배',null,'no','신용카드<br>카드사:삼성<br>할부개월수:일시불','삼성','일시불','해당없음','delivery_prepared',to_date('25/08/12','RR/MM/DD'),'010-1111-2222',null,null);
Insert into T_SHOPPING_ORDER (ORDER_SEQ_NUM,ORDER_ID,MEMBER_ID,GOODS_ID,ORDERER_NAME,GOODS_TITLE,ORDER_GOODS_QTY,GOODS_SALES_PRICE,GOODS_FILENAME,RECEIVER_NAME,RECEIVER_HP1,RECEIVER_HP2,RECEIVER_HP3,RECEIVER_TEL1,RECEIVER_TEL2,RECEIVER_TEL3,DELIVERY_ADDRESS,DELIVERY_METHOD,DELIVERY_MESSAGE,GIFT_WRAPPING,PAY_METHOD,CARD_COM_NAME,CARD_PAY_MONTH,PAY_ORDERER_HP_NUM,DELIVERY_STATE,PAY_ORDER_TIME,ORDERER_HP,GOODS_DELIVERY_PRICE,GOODS_PRICE) values (900,469,'admin',480,'어드민','자바 웹을 다루는 기술',1,40500,'자바웹 메인이미지.jpg','어드민','010','1111','2222','02','1111','2222','우편번호:06253<br>도로명 주소:서울 강남구 강남대로 298 (역삼동)<br>[지번 주소:서울 강남구 역삼동 838]<br>럭키빌딩 101호','일반택배',null,'no','신용카드<br>카드사:삼성<br>할부개월수:일시불','삼성','일시불','해당없음','finished_delivering',to_date('25/08/15','RR/MM/DD'),'010-1111-2222',null,45000);
Insert into T_SHOPPING_ORDER (ORDER_SEQ_NUM,ORDER_ID,MEMBER_ID,GOODS_ID,ORDERER_NAME,GOODS_TITLE,ORDER_GOODS_QTY,GOODS_SALES_PRICE,GOODS_FILENAME,RECEIVER_NAME,RECEIVER_HP1,RECEIVER_HP2,RECEIVER_HP3,RECEIVER_TEL1,RECEIVER_TEL2,RECEIVER_TEL3,DELIVERY_ADDRESS,DELIVERY_METHOD,DELIVERY_MESSAGE,GIFT_WRAPPING,PAY_METHOD,CARD_COM_NAME,CARD_PAY_MONTH,PAY_ORDERER_HP_NUM,DELIVERY_STATE,PAY_ORDER_TIME,ORDERER_HP,GOODS_DELIVERY_PRICE,GOODS_PRICE) values (920,470,'lee2',480,'이순신','자바 웹을 다루는 기술',1,40500,'자바웹 메인이미지.jpg','이순신','010','1111','2222','02','2222',' 2323','우편번호:04533<br>도로명 주소:서울 중구 을지로 6 (을지로1가)<br>[지번 주소:서울 중구 을지로1가 192-11]<br>가동112호','일반택배',null,'no','신용카드<br>카드사:삼성<br>할부개월수:일시불','삼성','일시불','해당없음','delivering',to_date('25/08/15','RR/MM/DD'),'010-1111-2222',null,45000);
Insert into T_SHOPPING_ORDER (ORDER_SEQ_NUM,ORDER_ID,MEMBER_ID,GOODS_ID,ORDERER_NAME,GOODS_TITLE,ORDER_GOODS_QTY,GOODS_SALES_PRICE,GOODS_FILENAME,RECEIVER_NAME,RECEIVER_HP1,RECEIVER_HP2,RECEIVER_HP3,RECEIVER_TEL1,RECEIVER_TEL2,RECEIVER_TEL3,DELIVERY_ADDRESS,DELIVERY_METHOD,DELIVERY_MESSAGE,GIFT_WRAPPING,PAY_METHOD,CARD_COM_NAME,CARD_PAY_MONTH,PAY_ORDERER_HP_NUM,DELIVERY_STATE,PAY_ORDER_TIME,ORDERER_HP,GOODS_DELIVERY_PRICE,GOODS_PRICE) values (921,470,'lee2',472,'이순신','초보 개발자를 위한 자바',1,34000,'초보 개발자 자바 메인 이미지.jpg','이순신','010','1111','2222','02','2222',' 2323','우편번호:04533<br>도로명 주소:서울 중구 을지로 6 (을지로1가)<br>[지번 주소:서울 중구 을지로1가 192-11]<br>가동112호','일반택배',null,'no','신용카드<br>카드사:삼성<br>할부개월수:일시불','삼성','일시불','해당없음','delivering',to_date('25/08/15','RR/MM/DD'),'010-1111-2222',null,40000);
Insert into T_SHOPPING_ORDER (ORDER_SEQ_NUM,ORDER_ID,MEMBER_ID,GOODS_ID,ORDERER_NAME,GOODS_TITLE,ORDER_GOODS_QTY,GOODS_SALES_PRICE,GOODS_FILENAME,RECEIVER_NAME,RECEIVER_HP1,RECEIVER_HP2,RECEIVER_HP3,RECEIVER_TEL1,RECEIVER_TEL2,RECEIVER_TEL3,DELIVERY_ADDRESS,DELIVERY_METHOD,DELIVERY_MESSAGE,GIFT_WRAPPING,PAY_METHOD,CARD_COM_NAME,CARD_PAY_MONTH,PAY_ORDERER_HP_NUM,DELIVERY_STATE,PAY_ORDER_TIME,ORDERER_HP,GOODS_DELIVERY_PRICE,GOODS_PRICE) values (960,475,'lee2',480,'이순신','자바 웹을 다루는 기술',1,40500,'자바웹 메인이미지.jpg',null,null,null,null,null,null,null,null,null,null,null,null,null,null,null,'delivery_prepared',to_date('25/08/21','RR/MM/DD'),'010-1111-2222',null,45000);
Insert into T_SHOPPING_ORDER (ORDER_SEQ_NUM,ORDER_ID,MEMBER_ID,GOODS_ID,ORDERER_NAME,GOODS_TITLE,ORDER_GOODS_QTY,GOODS_SALES_PRICE,GOODS_FILENAME,RECEIVER_NAME,RECEIVER_HP1,RECEIVER_HP2,RECEIVER_HP3,RECEIVER_TEL1,RECEIVER_TEL2,RECEIVER_TEL3,DELIVERY_ADDRESS,DELIVERY_METHOD,DELIVERY_MESSAGE,GIFT_WRAPPING,PAY_METHOD,CARD_COM_NAME,CARD_PAY_MONTH,PAY_ORDERER_HP_NUM,DELIVERY_STATE,PAY_ORDER_TIME,ORDERER_HP,GOODS_DELIVERY_PRICE,GOODS_PRICE) values (961,476,'lee2',480,'이순신','자바 웹을 다루는 기술',1,40500,'자바웹 메인이미지.jpg',null,null,null,null,null,null,null,null,null,null,null,null,null,null,null,'delivery_prepared',to_date('25/08/21','RR/MM/DD'),'010-1111-2222',null,45000);
Insert into T_SHOPPING_ORDER (ORDER_SEQ_NUM,ORDER_ID,MEMBER_ID,GOODS_ID,ORDERER_NAME,GOODS_TITLE,ORDER_GOODS_QTY,GOODS_SALES_PRICE,GOODS_FILENAME,RECEIVER_NAME,RECEIVER_HP1,RECEIVER_HP2,RECEIVER_HP3,RECEIVER_TEL1,RECEIVER_TEL2,RECEIVER_TEL3,DELIVERY_ADDRESS,DELIVERY_METHOD,DELIVERY_MESSAGE,GIFT_WRAPPING,PAY_METHOD,CARD_COM_NAME,CARD_PAY_MONTH,PAY_ORDERER_HP_NUM,DELIVERY_STATE,PAY_ORDER_TIME,ORDERER_HP,GOODS_DELIVERY_PRICE,GOODS_PRICE) values (962,477,'lee2',480,'이순신','자바 웹을 다루는 기술',1,40500,'자바웹 메인이미지.jpg',null,null,null,null,null,null,null,null,null,null,null,null,null,null,null,'delivery_prepared',to_date('25/08/21','RR/MM/DD'),'010-1111-2222',null,45000);
Insert into T_SHOPPING_ORDER (ORDER_SEQ_NUM,ORDER_ID,MEMBER_ID,GOODS_ID,ORDERER_NAME,GOODS_TITLE,ORDER_GOODS_QTY,GOODS_SALES_PRICE,GOODS_FILENAME,RECEIVER_NAME,RECEIVER_HP1,RECEIVER_HP2,RECEIVER_HP3,RECEIVER_TEL1,RECEIVER_TEL2,RECEIVER_TEL3,DELIVERY_ADDRESS,DELIVERY_METHOD,DELIVERY_MESSAGE,GIFT_WRAPPING,PAY_METHOD,CARD_COM_NAME,CARD_PAY_MONTH,PAY_ORDERER_HP_NUM,DELIVERY_STATE,PAY_ORDER_TIME,ORDERER_HP,GOODS_DELIVERY_PRICE,GOODS_PRICE) values (963,478,'lee2',480,'이순신','자바 웹을 다루는 기술',1,40500,'자바웹 메인이미지.jpg',null,null,null,null,null,null,null,null,null,null,null,null,null,null,null,'delivery_prepared',to_date('25/08/21','RR/MM/DD'),'010-1111-2222',null,45000);
Insert into T_SHOPPING_ORDER (ORDER_SEQ_NUM,ORDER_ID,MEMBER_ID,GOODS_ID,ORDERER_NAME,GOODS_TITLE,ORDER_GOODS_QTY,GOODS_SALES_PRICE,GOODS_FILENAME,RECEIVER_NAME,RECEIVER_HP1,RECEIVER_HP2,RECEIVER_HP3,RECEIVER_TEL1,RECEIVER_TEL2,RECEIVER_TEL3,DELIVERY_ADDRESS,DELIVERY_METHOD,DELIVERY_MESSAGE,GIFT_WRAPPING,PAY_METHOD,CARD_COM_NAME,CARD_PAY_MONTH,PAY_ORDERER_HP_NUM,DELIVERY_STATE,PAY_ORDER_TIME,ORDERER_HP,GOODS_DELIVERY_PRICE,GOODS_PRICE) values (964,479,'lee2',480,'이순신','자바 웹을 다루는 기술',1,40500,'자바웹 메인이미지.jpg',null,null,null,null,null,null,null,null,null,null,null,null,null,null,null,'delivery_prepared',to_date('25/08/21','RR/MM/DD'),'010-1111-2222',null,45000);
Insert into T_SHOPPING_ORDER (ORDER_SEQ_NUM,ORDER_ID,MEMBER_ID,GOODS_ID,ORDERER_NAME,GOODS_TITLE,ORDER_GOODS_QTY,GOODS_SALES_PRICE,GOODS_FILENAME,RECEIVER_NAME,RECEIVER_HP1,RECEIVER_HP2,RECEIVER_HP3,RECEIVER_TEL1,RECEIVER_TEL2,RECEIVER_TEL3,DELIVERY_ADDRESS,DELIVERY_METHOD,DELIVERY_MESSAGE,GIFT_WRAPPING,PAY_METHOD,CARD_COM_NAME,CARD_PAY_MONTH,PAY_ORDERER_HP_NUM,DELIVERY_STATE,PAY_ORDER_TIME,ORDERER_HP,GOODS_DELIVERY_PRICE,GOODS_PRICE) values (965,480,'lee2',480,'이순신','자바 웹을 다루는 기술',1,40500,'자바웹 메인이미지.jpg',null,null,null,null,null,null,null,null,null,null,null,null,null,null,null,'delivery_prepared',to_date('25/08/21','RR/MM/DD'),'010-1111-2222',null,45000);
Insert into T_SHOPPING_ORDER (ORDER_SEQ_NUM,ORDER_ID,MEMBER_ID,GOODS_ID,ORDERER_NAME,GOODS_TITLE,ORDER_GOODS_QTY,GOODS_SALES_PRICE,GOODS_FILENAME,RECEIVER_NAME,RECEIVER_HP1,RECEIVER_HP2,RECEIVER_HP3,RECEIVER_TEL1,RECEIVER_TEL2,RECEIVER_TEL3,DELIVERY_ADDRESS,DELIVERY_METHOD,DELIVERY_MESSAGE,GIFT_WRAPPING,PAY_METHOD,CARD_COM_NAME,CARD_PAY_MONTH,PAY_ORDERER_HP_NUM,DELIVERY_STATE,PAY_ORDER_TIME,ORDERER_HP,GOODS_DELIVERY_PRICE,GOODS_PRICE) values (966,481,'lee2',480,'이순신','자바 웹을 다루는 기술',1,40500,'자바웹 메인이미지.jpg',null,null,null,null,null,null,null,null,null,null,null,null,null,null,null,'delivery_prepared',to_date('25/08/21','RR/MM/DD'),'010-1111-2222',null,45000);
Insert into T_SHOPPING_ORDER (ORDER_SEQ_NUM,ORDER_ID,MEMBER_ID,GOODS_ID,ORDERER_NAME,GOODS_TITLE,ORDER_GOODS_QTY,GOODS_SALES_PRICE,GOODS_FILENAME,RECEIVER_NAME,RECEIVER_HP1,RECEIVER_HP2,RECEIVER_HP3,RECEIVER_TEL1,RECEIVER_TEL2,RECEIVER_TEL3,DELIVERY_ADDRESS,DELIVERY_METHOD,DELIVERY_MESSAGE,GIFT_WRAPPING,PAY_METHOD,CARD_COM_NAME,CARD_PAY_MONTH,PAY_ORDERER_HP_NUM,DELIVERY_STATE,PAY_ORDER_TIME,ORDERER_HP,GOODS_DELIVERY_PRICE,GOODS_PRICE) values (967,482,'lee2',480,'이순신','자바 웹을 다루는 기술',1,40500,'자바웹 메인이미지.jpg',null,null,null,null,null,null,null,null,null,null,null,null,null,null,null,'delivery_prepared',to_date('25/08/21','RR/MM/DD'),'010-1111-2222',null,45000);
Insert into T_SHOPPING_ORDER (ORDER_SEQ_NUM,ORDER_ID,MEMBER_ID,GOODS_ID,ORDERER_NAME,GOODS_TITLE,ORDER_GOODS_QTY,GOODS_SALES_PRICE,GOODS_FILENAME,RECEIVER_NAME,RECEIVER_HP1,RECEIVER_HP2,RECEIVER_HP3,RECEIVER_TEL1,RECEIVER_TEL2,RECEIVER_TEL3,DELIVERY_ADDRESS,DELIVERY_METHOD,DELIVERY_MESSAGE,GIFT_WRAPPING,PAY_METHOD,CARD_COM_NAME,CARD_PAY_MONTH,PAY_ORDERER_HP_NUM,DELIVERY_STATE,PAY_ORDER_TIME,ORDERER_HP,GOODS_DELIVERY_PRICE,GOODS_PRICE) values (968,483,'lee2',480,'이순신','자바 웹을 다루는 기술',1,40500,'자바웹 메인이미지.jpg',null,null,null,null,null,null,null,null,null,null,null,null,null,null,null,'delivery_prepared',to_date('25/08/21','RR/MM/DD'),'010-1111-2222',null,45000);
Insert into T_SHOPPING_ORDER (ORDER_SEQ_NUM,ORDER_ID,MEMBER_ID,GOODS_ID,ORDERER_NAME,GOODS_TITLE,ORDER_GOODS_QTY,GOODS_SALES_PRICE,GOODS_FILENAME,RECEIVER_NAME,RECEIVER_HP1,RECEIVER_HP2,RECEIVER_HP3,RECEIVER_TEL1,RECEIVER_TEL2,RECEIVER_TEL3,DELIVERY_ADDRESS,DELIVERY_METHOD,DELIVERY_MESSAGE,GIFT_WRAPPING,PAY_METHOD,CARD_COM_NAME,CARD_PAY_MONTH,PAY_ORDERER_HP_NUM,DELIVERY_STATE,PAY_ORDER_TIME,ORDERER_HP,GOODS_DELIVERY_PRICE,GOODS_PRICE) values (620,425,'lee2',341,'이순신','자바스크립트 배우기',2,25000,'헬로자바스크립트_메인.jpg','이순신','010','1111','2222','02','111','1212','우편번호:13536<br>도로명 주소:경기 성남시 분당구 판교역로 4 (백현동)<br>[지번 주소:경기 성남시 분당구 백현동 582-7]<br>가동112호','일반택배',null,'no','신용카드<br>카드사:삼성<br>할부개월수:일시불','삼성','일시불','해당없음','delivery_prepared',to_date('25/07/21','RR/MM/DD'),'010-1111-2222',null,null);
Insert into T_SHOPPING_ORDER (ORDER_SEQ_NUM,ORDER_ID,MEMBER_ID,GOODS_ID,ORDERER_NAME,GOODS_TITLE,ORDER_GOODS_QTY,GOODS_SALES_PRICE,GOODS_FILENAME,RECEIVER_NAME,RECEIVER_HP1,RECEIVER_HP2,RECEIVER_HP3,RECEIVER_TEL1,RECEIVER_TEL2,RECEIVER_TEL3,DELIVERY_ADDRESS,DELIVERY_METHOD,DELIVERY_MESSAGE,GIFT_WRAPPING,PAY_METHOD,CARD_COM_NAME,CARD_PAY_MONTH,PAY_ORDERER_HP_NUM,DELIVERY_STATE,PAY_ORDER_TIME,ORDERER_HP,GOODS_DELIVERY_PRICE,GOODS_PRICE) values (680,428,'lee2',354,'이순신','모두의 딥러닝',1,21600,'모두의 딥러닝_메인.jpg','이순신','010','1111','2222','02','2222',' 2323','우편번호:04533<br>도로명 주소:서울 중구 을지로 6 (을지로1가)<br>[지번 주소:서울 중구 을지로1가 192-11]<br>가동112호','일반택배','부재 시 문앞에 놓아두세요.','yes','신용카드<br>카드사:삼성<br>할부개월수:일시불','삼성','일시불','해당없음','delivery_prepared',to_date('25/07/24','RR/MM/DD'),'010-1111-2222',null,null);
Insert into T_SHOPPING_ORDER (ORDER_SEQ_NUM,ORDER_ID,MEMBER_ID,GOODS_ID,ORDERER_NAME,GOODS_TITLE,ORDER_GOODS_QTY,GOODS_SALES_PRICE,GOODS_FILENAME,RECEIVER_NAME,RECEIVER_HP1,RECEIVER_HP2,RECEIVER_HP3,RECEIVER_TEL1,RECEIVER_TEL2,RECEIVER_TEL3,DELIVERY_ADDRESS,DELIVERY_METHOD,DELIVERY_MESSAGE,GIFT_WRAPPING,PAY_METHOD,CARD_COM_NAME,CARD_PAY_MONTH,PAY_ORDERER_HP_NUM,DELIVERY_STATE,PAY_ORDER_TIME,ORDERER_HP,GOODS_DELIVERY_PRICE,GOODS_PRICE) values (681,429,'lee2',356,'이순신','마인크래프트 무작정 따라하기',2,12000,'마인_메인.jpg','이순신','010','1111','2222','02','2222',' 2323','우편번호:04533<br>도로명 주소:서울 중구 을지로 6 (을지로1가)<br>[지번 주소:서울 중구 을지로1가 192-11]<br>가동112호','일반택배','감사합니다!!!','no','신용카드<br>카드사:하나SK<br>할부개월수:일시불','하나SK','일시불','해당없음','delivery_prepared',to_date('25/07/24','RR/MM/DD'),'010-1111-2222',null,null);
Insert into T_SHOPPING_ORDER (ORDER_SEQ_NUM,ORDER_ID,MEMBER_ID,GOODS_ID,ORDERER_NAME,GOODS_TITLE,ORDER_GOODS_QTY,GOODS_SALES_PRICE,GOODS_FILENAME,RECEIVER_NAME,RECEIVER_HP1,RECEIVER_HP2,RECEIVER_HP3,RECEIVER_TEL1,RECEIVER_TEL2,RECEIVER_TEL3,DELIVERY_ADDRESS,DELIVERY_METHOD,DELIVERY_MESSAGE,GIFT_WRAPPING,PAY_METHOD,CARD_COM_NAME,CARD_PAY_MONTH,PAY_ORDERER_HP_NUM,DELIVERY_STATE,PAY_ORDER_TIME,ORDERER_HP,GOODS_DELIVERY_PRICE,GOODS_PRICE) values (682,430,'lee2',356,'이순신','마인크래프트 무작정 따라하기',1,12000,'마인_메인.jpg','이순신','010','1111','2222','02','2222',' 2323','우편번호:04533<br>도로명 주소:서울 중구 을지로 6 (을지로1가)<br>[지번 주소:서울 중구 을지로1가 192-11]<br>가동112호','일반택배','감사합니다!!!','no','신용카드<br>카드사:삼성<br>할부개월수:일시불','삼성','일시불','해당없음','delivery_prepared',to_date('25/07/24','RR/MM/DD'),'010-1111-2222',null,null);
Insert into T_SHOPPING_ORDER (ORDER_SEQ_NUM,ORDER_ID,MEMBER_ID,GOODS_ID,ORDERER_NAME,GOODS_TITLE,ORDER_GOODS_QTY,GOODS_SALES_PRICE,GOODS_FILENAME,RECEIVER_NAME,RECEIVER_HP1,RECEIVER_HP2,RECEIVER_HP3,RECEIVER_TEL1,RECEIVER_TEL2,RECEIVER_TEL3,DELIVERY_ADDRESS,DELIVERY_METHOD,DELIVERY_MESSAGE,GIFT_WRAPPING,PAY_METHOD,CARD_COM_NAME,CARD_PAY_MONTH,PAY_ORDERER_HP_NUM,DELIVERY_STATE,PAY_ORDER_TIME,ORDERER_HP,GOODS_DELIVERY_PRICE,GOODS_PRICE) values (683,431,'lee2',356,'이순신','마인크래프트 무작정 따라하기',1,12000,'마인_메인.jpg','이순신','010','1111','2222','02','2222',' 2323','우편번호:04533<br>도로명 주소:서울 중구 을지로 6 (을지로1가)<br>[지번 주소:서울 중구 을지로1가 192-11]<br>가동112호','일반택배','감사합니다!!!','no','신용카드<br>카드사:삼성<br>할부개월수:일시불','삼성','일시불','해당없음','delivery_prepared',to_date('25/07/24','RR/MM/DD'),'010-1111-2222',null,null);
Insert into T_SHOPPING_ORDER (ORDER_SEQ_NUM,ORDER_ID,MEMBER_ID,GOODS_ID,ORDERER_NAME,GOODS_TITLE,ORDER_GOODS_QTY,GOODS_SALES_PRICE,GOODS_FILENAME,RECEIVER_NAME,RECEIVER_HP1,RECEIVER_HP2,RECEIVER_HP3,RECEIVER_TEL1,RECEIVER_TEL2,RECEIVER_TEL3,DELIVERY_ADDRESS,DELIVERY_METHOD,DELIVERY_MESSAGE,GIFT_WRAPPING,PAY_METHOD,CARD_COM_NAME,CARD_PAY_MONTH,PAY_ORDERER_HP_NUM,DELIVERY_STATE,PAY_ORDER_TIME,ORDERER_HP,GOODS_DELIVERY_PRICE,GOODS_PRICE) values (684,432,'lee2',356,'이순신','마인크래프트 무작정 따라하기',1,12000,'마인_메인.jpg','이순신','010','1111','2222','02','2222',' 2323','우편번호:04533<br>도로명 주소:서울 중구 을지로 6 (을지로1가)<br>[지번 주소:서울 중구 을지로1가 192-11]<br>가동112호','일반택배','감사합니다!!!','no','신용카드<br>카드사:삼성<br>할부개월수:일시불','삼성','일시불','해당없음','delivery_prepared',to_date('25/07/24','RR/MM/DD'),'010-1111-2222',null,null);
Insert into T_SHOPPING_ORDER (ORDER_SEQ_NUM,ORDER_ID,MEMBER_ID,GOODS_ID,ORDERER_NAME,GOODS_TITLE,ORDER_GOODS_QTY,GOODS_SALES_PRICE,GOODS_FILENAME,RECEIVER_NAME,RECEIVER_HP1,RECEIVER_HP2,RECEIVER_HP3,RECEIVER_TEL1,RECEIVER_TEL2,RECEIVER_TEL3,DELIVERY_ADDRESS,DELIVERY_METHOD,DELIVERY_MESSAGE,GIFT_WRAPPING,PAY_METHOD,CARD_COM_NAME,CARD_PAY_MONTH,PAY_ORDERER_HP_NUM,DELIVERY_STATE,PAY_ORDER_TIME,ORDERER_HP,GOODS_DELIVERY_PRICE,GOODS_PRICE) values (685,433,'lee2',356,'이순신','마인크래프트 무작정 따라하기',1,12000,'마인_메인.jpg','이순신','010','1111','2222','02','2222',' 2323','우편번호:04533<br>도로명 주소:서울 중구 을지로 6 (을지로1가)<br>[지번 주소:서울 중구 을지로1가 192-11]<br>가동112호','일반택배','감사합니다!!!','no','신용카드<br>카드사:삼성<br>할부개월수:일시불','삼성','일시불','해당없음','delivery_prepared',to_date('25/07/24','RR/MM/DD'),'010-1111-2222',null,null);
Insert into T_SHOPPING_ORDER (ORDER_SEQ_NUM,ORDER_ID,MEMBER_ID,GOODS_ID,ORDERER_NAME,GOODS_TITLE,ORDER_GOODS_QTY,GOODS_SALES_PRICE,GOODS_FILENAME,RECEIVER_NAME,RECEIVER_HP1,RECEIVER_HP2,RECEIVER_HP3,RECEIVER_TEL1,RECEIVER_TEL2,RECEIVER_TEL3,DELIVERY_ADDRESS,DELIVERY_METHOD,DELIVERY_MESSAGE,GIFT_WRAPPING,PAY_METHOD,CARD_COM_NAME,CARD_PAY_MONTH,PAY_ORDERER_HP_NUM,DELIVERY_STATE,PAY_ORDER_TIME,ORDERER_HP,GOODS_DELIVERY_PRICE,GOODS_PRICE) values (686,434,'lee2',356,'이순신','마인크래프트 무작정 따라하기',1,12000,'마인_메인.jpg','이순신','010','1111','2222','02','2222',' 2323','우편번호:04533<br>도로명 주소:서울 중구 을지로 6 (을지로1가)<br>[지번 주소:서울 중구 을지로1가 192-11]<br>가동112호','일반택배','감사합니다!!!','no','신용카드<br>카드사:삼성<br>할부개월수:일시불','삼성','일시불','해당없음','delivery_prepared',to_date('25/07/24','RR/MM/DD'),'010-1111-2222',null,null);
Insert into T_SHOPPING_ORDER (ORDER_SEQ_NUM,ORDER_ID,MEMBER_ID,GOODS_ID,ORDERER_NAME,GOODS_TITLE,ORDER_GOODS_QTY,GOODS_SALES_PRICE,GOODS_FILENAME,RECEIVER_NAME,RECEIVER_HP1,RECEIVER_HP2,RECEIVER_HP3,RECEIVER_TEL1,RECEIVER_TEL2,RECEIVER_TEL3,DELIVERY_ADDRESS,DELIVERY_METHOD,DELIVERY_MESSAGE,GIFT_WRAPPING,PAY_METHOD,CARD_COM_NAME,CARD_PAY_MONTH,PAY_ORDERER_HP_NUM,DELIVERY_STATE,PAY_ORDER_TIME,ORDERER_HP,GOODS_DELIVERY_PRICE,GOODS_PRICE) values (687,435,'lee2',356,'이순신','마인크래프트 무작정 따라하기',1,12000,'마인_메인.jpg','이순신','010','1111','2222','02','2222',' 2323','우편번호:04533<br>도로명 주소:서울 중구 을지로 6 (을지로1가)<br>[지번 주소:서울 중구 을지로1가 192-11]<br>가동112호','일반택배','감사합니다!!!','no','신용카드<br>카드사:삼성<br>할부개월수:일시불','삼성','일시불','해당없음','delivery_prepared',to_date('25/07/24','RR/MM/DD'),'010-1111-2222',null,null);
Insert into T_SHOPPING_ORDER (ORDER_SEQ_NUM,ORDER_ID,MEMBER_ID,GOODS_ID,ORDERER_NAME,GOODS_TITLE,ORDER_GOODS_QTY,GOODS_SALES_PRICE,GOODS_FILENAME,RECEIVER_NAME,RECEIVER_HP1,RECEIVER_HP2,RECEIVER_HP3,RECEIVER_TEL1,RECEIVER_TEL2,RECEIVER_TEL3,DELIVERY_ADDRESS,DELIVERY_METHOD,DELIVERY_MESSAGE,GIFT_WRAPPING,PAY_METHOD,CARD_COM_NAME,CARD_PAY_MONTH,PAY_ORDERER_HP_NUM,DELIVERY_STATE,PAY_ORDER_TIME,ORDERER_HP,GOODS_DELIVERY_PRICE,GOODS_PRICE) values (688,436,'lee2',354,'이순신','모두의 딥러닝',2,21600,'모두의 딥러닝_메인.jpg','이순신','010','1111','2222','02','2222',' 2323','우편번호:04533<br>도로명 주소:서울 중구 을지로 6 (을지로1가)<br>[지번 주소:서울 중구 을지로1가 192-11]<br>가동112호','일반택배',null,'no','신용카드<br>카드사:현대<br>할부개월수:일시불','현대','일시불','해당없음','delivery_prepared',to_date('25/07/24','RR/MM/DD'),'010-1111-2222',null,null);
Insert into T_SHOPPING_ORDER (ORDER_SEQ_NUM,ORDER_ID,MEMBER_ID,GOODS_ID,ORDERER_NAME,GOODS_TITLE,ORDER_GOODS_QTY,GOODS_SALES_PRICE,GOODS_FILENAME,RECEIVER_NAME,RECEIVER_HP1,RECEIVER_HP2,RECEIVER_HP3,RECEIVER_TEL1,RECEIVER_TEL2,RECEIVER_TEL3,DELIVERY_ADDRESS,DELIVERY_METHOD,DELIVERY_MESSAGE,GIFT_WRAPPING,PAY_METHOD,CARD_COM_NAME,CARD_PAY_MONTH,PAY_ORDERER_HP_NUM,DELIVERY_STATE,PAY_ORDER_TIME,ORDERER_HP,GOODS_DELIVERY_PRICE,GOODS_PRICE) values (689,437,'lee2',354,'이순신','모두의 딥러닝',2,21600,'모두의 딥러닝_메인.jpg','이순신','010','1111','2222','02','2222',' 2323','우편번호:04533<br>도로명 주소:서울 중구 을지로 6 (을지로1가)<br>[지번 주소:서울 중구 을지로1가 192-11]<br>가동112호','일반택배',null,'no','신용카드<br>카드사:삼성<br>할부개월수:일시불','삼성','일시불','해당없음','delivery_prepared',to_date('25/07/24','RR/MM/DD'),'010-1111-2222',null,null);
Insert into T_SHOPPING_ORDER (ORDER_SEQ_NUM,ORDER_ID,MEMBER_ID,GOODS_ID,ORDERER_NAME,GOODS_TITLE,ORDER_GOODS_QTY,GOODS_SALES_PRICE,GOODS_FILENAME,RECEIVER_NAME,RECEIVER_HP1,RECEIVER_HP2,RECEIVER_HP3,RECEIVER_TEL1,RECEIVER_TEL2,RECEIVER_TEL3,DELIVERY_ADDRESS,DELIVERY_METHOD,DELIVERY_MESSAGE,GIFT_WRAPPING,PAY_METHOD,CARD_COM_NAME,CARD_PAY_MONTH,PAY_ORDERER_HP_NUM,DELIVERY_STATE,PAY_ORDER_TIME,ORDERER_HP,GOODS_DELIVERY_PRICE,GOODS_PRICE) values (690,438,'lee2',356,'이순신','마인크래프트 무작정 따라하기',1,12000,'마인_메인.jpg','이순신','010','1111','2222','02','2222',' 2323','우편번호:04533<br>도로명 주소:서울 중구 을지로 6 (을지로1가)<br>[지번 주소:서울 중구 을지로1가 192-11]<br>가동112호','일반택배',null,'no','신용카드<br>카드사:삼성<br>할부개월수:일시불','삼성','일시불','해당없음','delivery_prepared',to_date('25/07/24','RR/MM/DD'),'010-1111-2222',null,null);
Insert into T_SHOPPING_ORDER (ORDER_SEQ_NUM,ORDER_ID,MEMBER_ID,GOODS_ID,ORDERER_NAME,GOODS_TITLE,ORDER_GOODS_QTY,GOODS_SALES_PRICE,GOODS_FILENAME,RECEIVER_NAME,RECEIVER_HP1,RECEIVER_HP2,RECEIVER_HP3,RECEIVER_TEL1,RECEIVER_TEL2,RECEIVER_TEL3,DELIVERY_ADDRESS,DELIVERY_METHOD,DELIVERY_MESSAGE,GIFT_WRAPPING,PAY_METHOD,CARD_COM_NAME,CARD_PAY_MONTH,PAY_ORDERER_HP_NUM,DELIVERY_STATE,PAY_ORDER_TIME,ORDERER_HP,GOODS_DELIVERY_PRICE,GOODS_PRICE) values (944,474,'lee2',472,'이순신','초보 개발자를 위한 자바',1,34000,'초보 개발자 자바 메인 이미지.jpg','이순신','010','1111','2222','02','2222',' 2323','우편번호:04533<br>도로명 주소:서울 중구 을지로 6 (을지로1가)<br>[지번 주소:서울 중구 을지로1가 192-11]<br>가동112호','일반택배',null,'no','신용카드<br>카드사:현대<br>할부개월수:일시불','현대','일시불','해당없음','cancel_order',to_date('25/08/19','RR/MM/DD'),'010-1111-2222',null,40000);
Insert into T_SHOPPING_ORDER (ORDER_SEQ_NUM,ORDER_ID,MEMBER_ID,GOODS_ID,ORDERER_NAME,GOODS_TITLE,ORDER_GOODS_QTY,GOODS_SALES_PRICE,GOODS_FILENAME,RECEIVER_NAME,RECEIVER_HP1,RECEIVER_HP2,RECEIVER_HP3,RECEIVER_TEL1,RECEIVER_TEL2,RECEIVER_TEL3,DELIVERY_ADDRESS,DELIVERY_METHOD,DELIVERY_MESSAGE,GIFT_WRAPPING,PAY_METHOD,CARD_COM_NAME,CARD_PAY_MONTH,PAY_ORDERER_HP_NUM,DELIVERY_STATE,PAY_ORDER_TIME,ORDERER_HP,GOODS_DELIVERY_PRICE,GOODS_PRICE) values (945,474,'lee2',395,'이순신','모두의 파이썬',1,10800,'image2.jpg','이순신','010','1111','2222','02','2222',' 2323','우편번호:04533<br>도로명 주소:서울 중구 을지로 6 (을지로1가)<br>[지번 주소:서울 중구 을지로1가 192-11]<br>가동112호','일반택배',null,'no','신용카드<br>카드사:현대<br>할부개월수:일시불','현대','일시불','해당없음','cancel_order',to_date('25/08/19','RR/MM/DD'),'010-1111-2222',null,12000);
Insert into T_SHOPPING_ORDER (ORDER_SEQ_NUM,ORDER_ID,MEMBER_ID,GOODS_ID,ORDERER_NAME,GOODS_TITLE,ORDER_GOODS_QTY,GOODS_SALES_PRICE,GOODS_FILENAME,RECEIVER_NAME,RECEIVER_HP1,RECEIVER_HP2,RECEIVER_HP3,RECEIVER_TEL1,RECEIVER_TEL2,RECEIVER_TEL3,DELIVERY_ADDRESS,DELIVERY_METHOD,DELIVERY_MESSAGE,GIFT_WRAPPING,PAY_METHOD,CARD_COM_NAME,CARD_PAY_MONTH,PAY_ORDERER_HP_NUM,DELIVERY_STATE,PAY_ORDER_TIME,ORDERER_HP,GOODS_DELIVERY_PRICE,GOODS_PRICE) values (969,484,'lee2',480,'이순신','자바 웹을 다루는 기술',1,40500,'자바웹 메인이미지.jpg',null,null,null,null,null,null,null,null,null,null,null,null,null,null,null,'delivery_prepared',to_date('25/08/21','RR/MM/DD'),'010-1111-2222',null,45000);
Insert into T_SHOPPING_ORDER (ORDER_SEQ_NUM,ORDER_ID,MEMBER_ID,GOODS_ID,ORDERER_NAME,GOODS_TITLE,ORDER_GOODS_QTY,GOODS_SALES_PRICE,GOODS_FILENAME,RECEIVER_NAME,RECEIVER_HP1,RECEIVER_HP2,RECEIVER_HP3,RECEIVER_TEL1,RECEIVER_TEL2,RECEIVER_TEL3,DELIVERY_ADDRESS,DELIVERY_METHOD,DELIVERY_MESSAGE,GIFT_WRAPPING,PAY_METHOD,CARD_COM_NAME,CARD_PAY_MONTH,PAY_ORDERER_HP_NUM,DELIVERY_STATE,PAY_ORDER_TIME,ORDERER_HP,GOODS_DELIVERY_PRICE,GOODS_PRICE) values (970,485,'lee2',480,'이순신','자바 웹을 다루는 기술',1,40500,'자바웹 메인이미지.jpg',null,null,null,null,null,null,null,null,null,null,null,null,null,null,null,'delivery_prepared',to_date('25/08/21','RR/MM/DD'),'010-1111-2222',null,45000);
Insert into T_SHOPPING_ORDER (ORDER_SEQ_NUM,ORDER_ID,MEMBER_ID,GOODS_ID,ORDERER_NAME,GOODS_TITLE,ORDER_GOODS_QTY,GOODS_SALES_PRICE,GOODS_FILENAME,RECEIVER_NAME,RECEIVER_HP1,RECEIVER_HP2,RECEIVER_HP3,RECEIVER_TEL1,RECEIVER_TEL2,RECEIVER_TEL3,DELIVERY_ADDRESS,DELIVERY_METHOD,DELIVERY_MESSAGE,GIFT_WRAPPING,PAY_METHOD,CARD_COM_NAME,CARD_PAY_MONTH,PAY_ORDERER_HP_NUM,DELIVERY_STATE,PAY_ORDER_TIME,ORDERER_HP,GOODS_DELIVERY_PRICE,GOODS_PRICE) values (971,486,'lee2',480,'이순신','자바 웹을 다루는 기술',1,40500,'자바웹 메인이미지.jpg',null,null,null,null,null,null,null,null,null,null,null,null,null,null,null,'delivery_prepared',to_date('25/08/21','RR/MM/DD'),'010-1111-2222',null,45000);
Insert into T_SHOPPING_ORDER (ORDER_SEQ_NUM,ORDER_ID,MEMBER_ID,GOODS_ID,ORDERER_NAME,GOODS_TITLE,ORDER_GOODS_QTY,GOODS_SALES_PRICE,GOODS_FILENAME,RECEIVER_NAME,RECEIVER_HP1,RECEIVER_HP2,RECEIVER_HP3,RECEIVER_TEL1,RECEIVER_TEL2,RECEIVER_TEL3,DELIVERY_ADDRESS,DELIVERY_METHOD,DELIVERY_MESSAGE,GIFT_WRAPPING,PAY_METHOD,CARD_COM_NAME,CARD_PAY_MONTH,PAY_ORDERER_HP_NUM,DELIVERY_STATE,PAY_ORDER_TIME,ORDERER_HP,GOODS_DELIVERY_PRICE,GOODS_PRICE) values (972,487,'lee2',480,'이순신','자바 웹을 다루는 기술',1,40500,'자바웹 메인이미지.jpg',null,null,null,null,null,null,null,null,null,null,null,null,null,null,null,'delivery_prepared',to_date('25/08/21','RR/MM/DD'),'010-1111-2222',null,45000);
Insert into T_SHOPPING_ORDER (ORDER_SEQ_NUM,ORDER_ID,MEMBER_ID,GOODS_ID,ORDERER_NAME,GOODS_TITLE,ORDER_GOODS_QTY,GOODS_SALES_PRICE,GOODS_FILENAME,RECEIVER_NAME,RECEIVER_HP1,RECEIVER_HP2,RECEIVER_HP3,RECEIVER_TEL1,RECEIVER_TEL2,RECEIVER_TEL3,DELIVERY_ADDRESS,DELIVERY_METHOD,DELIVERY_MESSAGE,GIFT_WRAPPING,PAY_METHOD,CARD_COM_NAME,CARD_PAY_MONTH,PAY_ORDERER_HP_NUM,DELIVERY_STATE,PAY_ORDER_TIME,ORDERER_HP,GOODS_DELIVERY_PRICE,GOODS_PRICE) values (700,439,'lee2',354,'이순신','모두의 딥러닝',1,21600,'모두의 딥러닝_메인.jpg','이순신','010','1111','2222','02','2222',' 2323','우편번호:04533<br>도로명 주소:서울 중구 을지로 6 (을지로1가)<br>[지번 주소:서울 중구 을지로1가 192-11]<br>가동112호','일반택배',null,'no','신용카드<br>카드사:하나SK<br>할부개월수:일시불','하나SK','일시불','해당없음','delivery_prepared',to_date('25/07/24','RR/MM/DD'),'010-1111-2222',null,null);
Insert into T_SHOPPING_ORDER (ORDER_SEQ_NUM,ORDER_ID,MEMBER_ID,GOODS_ID,ORDERER_NAME,GOODS_TITLE,ORDER_GOODS_QTY,GOODS_SALES_PRICE,GOODS_FILENAME,RECEIVER_NAME,RECEIVER_HP1,RECEIVER_HP2,RECEIVER_HP3,RECEIVER_TEL1,RECEIVER_TEL2,RECEIVER_TEL3,DELIVERY_ADDRESS,DELIVERY_METHOD,DELIVERY_MESSAGE,GIFT_WRAPPING,PAY_METHOD,CARD_COM_NAME,CARD_PAY_MONTH,PAY_ORDERER_HP_NUM,DELIVERY_STATE,PAY_ORDER_TIME,ORDERER_HP,GOODS_DELIVERY_PRICE,GOODS_PRICE) values (701,439,'lee2',336,'이순신','짠테크 가계부',1,30000,'짠테그 가계부_메인.jpg','이순신','010','1111','2222','02','2222',' 2323','우편번호:04533<br>도로명 주소:서울 중구 을지로 6 (을지로1가)<br>[지번 주소:서울 중구 을지로1가 192-11]<br>가동112호','일반택배',null,'no','신용카드<br>카드사:하나SK<br>할부개월수:일시불','하나SK','일시불','해당없음','delivery_prepared',to_date('25/07/24','RR/MM/DD'),'010-1111-2222',null,null);
Insert into T_SHOPPING_ORDER (ORDER_SEQ_NUM,ORDER_ID,MEMBER_ID,GOODS_ID,ORDERER_NAME,GOODS_TITLE,ORDER_GOODS_QTY,GOODS_SALES_PRICE,GOODS_FILENAME,RECEIVER_NAME,RECEIVER_HP1,RECEIVER_HP2,RECEIVER_HP3,RECEIVER_TEL1,RECEIVER_TEL2,RECEIVER_TEL3,DELIVERY_ADDRESS,DELIVERY_METHOD,DELIVERY_MESSAGE,GIFT_WRAPPING,PAY_METHOD,CARD_COM_NAME,CARD_PAY_MONTH,PAY_ORDERER_HP_NUM,DELIVERY_STATE,PAY_ORDER_TIME,ORDERER_HP,GOODS_DELIVERY_PRICE,GOODS_PRICE) values (720,440,'lee2',354,'이순신','모두의 딥러닝',1,21600,'모두의 딥러닝_메인.jpg','이순신','010','1111','2222','02','2222',' 2323','우편번호:04533<br>도로명 주소:서울 중구 을지로 6 (을지로1가)<br>[지번 주소:서울 중구 을지로1가 192-11]<br>가동112호','일반택배',null,'no','신용카드<br>카드사:삼성<br>할부개월수:일시불','삼성','일시불','해당없음','delivery_prepared',to_date('25/07/24','RR/MM/DD'),'010-1111-2222',null,null);
Insert into T_SHOPPING_ORDER (ORDER_SEQ_NUM,ORDER_ID,MEMBER_ID,GOODS_ID,ORDERER_NAME,GOODS_TITLE,ORDER_GOODS_QTY,GOODS_SALES_PRICE,GOODS_FILENAME,RECEIVER_NAME,RECEIVER_HP1,RECEIVER_HP2,RECEIVER_HP3,RECEIVER_TEL1,RECEIVER_TEL2,RECEIVER_TEL3,DELIVERY_ADDRESS,DELIVERY_METHOD,DELIVERY_MESSAGE,GIFT_WRAPPING,PAY_METHOD,CARD_COM_NAME,CARD_PAY_MONTH,PAY_ORDERER_HP_NUM,DELIVERY_STATE,PAY_ORDER_TIME,ORDERER_HP,GOODS_DELIVERY_PRICE,GOODS_PRICE) values (721,441,'lee2',354,'이순신','모두의 딥러닝',1,21600,'모두의 딥러닝_메인.jpg','이순신','010','1111','2222','02','2222',' 2323','우편번호:04533<br>도로명 주소:서울 중구 을지로 6 (을지로1가)<br>[지번 주소:서울 중구 을지로1가 192-11]<br>가동112호','일반택배','부재 시 문앞에 놓아두세요.','yes','신용카드<br>카드사:삼성<br>할부개월수:일시불','삼성','일시불','해당없음','delivery_prepared',to_date('25/07/24','RR/MM/DD'),'010-1111-2222',null,null);
Insert into T_SHOPPING_ORDER (ORDER_SEQ_NUM,ORDER_ID,MEMBER_ID,GOODS_ID,ORDERER_NAME,GOODS_TITLE,ORDER_GOODS_QTY,GOODS_SALES_PRICE,GOODS_FILENAME,RECEIVER_NAME,RECEIVER_HP1,RECEIVER_HP2,RECEIVER_HP3,RECEIVER_TEL1,RECEIVER_TEL2,RECEIVER_TEL3,DELIVERY_ADDRESS,DELIVERY_METHOD,DELIVERY_MESSAGE,GIFT_WRAPPING,PAY_METHOD,CARD_COM_NAME,CARD_PAY_MONTH,PAY_ORDERER_HP_NUM,DELIVERY_STATE,PAY_ORDER_TIME,ORDERER_HP,GOODS_DELIVERY_PRICE,GOODS_PRICE) values (722,442,'lee2',354,'이순신','모두의 딥러닝',1,21600,'모두의 딥러닝_메인.jpg','이순신','010','1111','2222','02','2222',' 2323','우편번호:04533<br>도로명 주소:서울 중구 을지로 6 (을지로1가)<br>[지번 주소:서울 중구 을지로1가 192-11]<br>가동112호','일반택배','부재 시 문앞에 놓아두세요.','yes','신용카드<br>카드사:삼성<br>할부개월수:일시불','삼성','일시불','해당없음','delivery_prepared',to_date('25/07/24','RR/MM/DD'),'010-1111-2222',null,null);
Insert into T_SHOPPING_ORDER (ORDER_SEQ_NUM,ORDER_ID,MEMBER_ID,GOODS_ID,ORDERER_NAME,GOODS_TITLE,ORDER_GOODS_QTY,GOODS_SALES_PRICE,GOODS_FILENAME,RECEIVER_NAME,RECEIVER_HP1,RECEIVER_HP2,RECEIVER_HP3,RECEIVER_TEL1,RECEIVER_TEL2,RECEIVER_TEL3,DELIVERY_ADDRESS,DELIVERY_METHOD,DELIVERY_MESSAGE,GIFT_WRAPPING,PAY_METHOD,CARD_COM_NAME,CARD_PAY_MONTH,PAY_ORDERER_HP_NUM,DELIVERY_STATE,PAY_ORDER_TIME,ORDERER_HP,GOODS_DELIVERY_PRICE,GOODS_PRICE) values (723,443,'lee2',354,'이순신','모두의 딥러닝',1,21600,'모두의 딥러닝_메인.jpg','이순신','010','1111','2222','02','2222',' 2323','우편번호:04533<br>도로명 주소:서울 중구 을지로 6 (을지로1가)<br>[지번 주소:서울 중구 을지로1가 192-11]<br>가동112호','일반택배','부재 시 문앞에 놓아두세요.','yes','신용카드<br>카드사:삼성<br>할부개월수:일시불','삼성','일시불','해당없음','delivery_prepared',to_date('25/07/24','RR/MM/DD'),'010-1111-2222',null,null);
Insert into T_SHOPPING_ORDER (ORDER_SEQ_NUM,ORDER_ID,MEMBER_ID,GOODS_ID,ORDERER_NAME,GOODS_TITLE,ORDER_GOODS_QTY,GOODS_SALES_PRICE,GOODS_FILENAME,RECEIVER_NAME,RECEIVER_HP1,RECEIVER_HP2,RECEIVER_HP3,RECEIVER_TEL1,RECEIVER_TEL2,RECEIVER_TEL3,DELIVERY_ADDRESS,DELIVERY_METHOD,DELIVERY_MESSAGE,GIFT_WRAPPING,PAY_METHOD,CARD_COM_NAME,CARD_PAY_MONTH,PAY_ORDERER_HP_NUM,DELIVERY_STATE,PAY_ORDER_TIME,ORDERER_HP,GOODS_DELIVERY_PRICE,GOODS_PRICE) values (724,444,'lee2',356,'이순신','마인크래프트 무작정 따라하기',1,12000,'마인_메인.jpg','이순신','010','1111','2222','02','2222',' 2323','우편번호:04533<br>도로명 주소:서울 중구 을지로 6 (을지로1가)<br>[지번 주소:서울 중구 을지로1가 192-11]<br>가동112호','일반택배',null,'no','신용카드<br>카드사:삼성<br>할부개월수:일시불','삼성','일시불','해당없음','delivery_prepared',to_date('25/07/24','RR/MM/DD'),'010-1111-2222',null,null);
Insert into T_SHOPPING_ORDER (ORDER_SEQ_NUM,ORDER_ID,MEMBER_ID,GOODS_ID,ORDERER_NAME,GOODS_TITLE,ORDER_GOODS_QTY,GOODS_SALES_PRICE,GOODS_FILENAME,RECEIVER_NAME,RECEIVER_HP1,RECEIVER_HP2,RECEIVER_HP3,RECEIVER_TEL1,RECEIVER_TEL2,RECEIVER_TEL3,DELIVERY_ADDRESS,DELIVERY_METHOD,DELIVERY_MESSAGE,GIFT_WRAPPING,PAY_METHOD,CARD_COM_NAME,CARD_PAY_MONTH,PAY_ORDERER_HP_NUM,DELIVERY_STATE,PAY_ORDER_TIME,ORDERER_HP,GOODS_DELIVERY_PRICE,GOODS_PRICE) values (725,445,'lee2',354,'이순신','모두의 딥러닝',1,21600,'모두의 딥러닝_메인.jpg','이순신','010','1111','2222','02','2222',' 2323','우편번호:04533<br>도로명 주소:서울 중구 을지로 6 (을지로1가)<br>[지번 주소:서울 중구 을지로1가 192-11]<br>가동112호','일반택배',null,'no','신용카드<br>카드사:삼성<br>할부개월수:일시불','삼성','일시불','해당없음','delivery_prepared',to_date('25/07/24','RR/MM/DD'),'010-1111-2222',null,null);
Insert into T_SHOPPING_ORDER (ORDER_SEQ_NUM,ORDER_ID,MEMBER_ID,GOODS_ID,ORDERER_NAME,GOODS_TITLE,ORDER_GOODS_QTY,GOODS_SALES_PRICE,GOODS_FILENAME,RECEIVER_NAME,RECEIVER_HP1,RECEIVER_HP2,RECEIVER_HP3,RECEIVER_TEL1,RECEIVER_TEL2,RECEIVER_TEL3,DELIVERY_ADDRESS,DELIVERY_METHOD,DELIVERY_MESSAGE,GIFT_WRAPPING,PAY_METHOD,CARD_COM_NAME,CARD_PAY_MONTH,PAY_ORDERER_HP_NUM,DELIVERY_STATE,PAY_ORDER_TIME,ORDERER_HP,GOODS_DELIVERY_PRICE,GOODS_PRICE) values (726,445,'lee2',336,'이순신','짠테크 가계부',1,30000,'짠테그 가계부_메인.jpg','이순신','010','1111','2222','02','2222',' 2323','우편번호:04533<br>도로명 주소:서울 중구 을지로 6 (을지로1가)<br>[지번 주소:서울 중구 을지로1가 192-11]<br>가동112호','일반택배',null,'no','신용카드<br>카드사:삼성<br>할부개월수:일시불','삼성','일시불','해당없음','delivery_prepared',to_date('25/07/24','RR/MM/DD'),'010-1111-2222',null,null);
Insert into T_SHOPPING_ORDER (ORDER_SEQ_NUM,ORDER_ID,MEMBER_ID,GOODS_ID,ORDERER_NAME,GOODS_TITLE,ORDER_GOODS_QTY,GOODS_SALES_PRICE,GOODS_FILENAME,RECEIVER_NAME,RECEIVER_HP1,RECEIVER_HP2,RECEIVER_HP3,RECEIVER_TEL1,RECEIVER_TEL2,RECEIVER_TEL3,DELIVERY_ADDRESS,DELIVERY_METHOD,DELIVERY_MESSAGE,GIFT_WRAPPING,PAY_METHOD,CARD_COM_NAME,CARD_PAY_MONTH,PAY_ORDERER_HP_NUM,DELIVERY_STATE,PAY_ORDER_TIME,ORDERER_HP,GOODS_DELIVERY_PRICE,GOODS_PRICE) values (727,446,'lee2',354,'이순신','모두의 딥러닝',1,21600,'모두의 딥러닝_메인.jpg','이순신','010','1111','2222','02','2222',' 2323','우편번호:04533<br>도로명 주소:서울 중구 을지로 6 (을지로1가)<br>[지번 주소:서울 중구 을지로1가 192-11]<br>가동112호','일반택배',null,'no','신용카드<br>카드사:삼성<br>할부개월수:일시불','삼성','일시불','해당없음','delivery_prepared',to_date('25/07/24','RR/MM/DD'),'010-1111-2222',null,null);
Insert into T_SHOPPING_ORDER (ORDER_SEQ_NUM,ORDER_ID,MEMBER_ID,GOODS_ID,ORDERER_NAME,GOODS_TITLE,ORDER_GOODS_QTY,GOODS_SALES_PRICE,GOODS_FILENAME,RECEIVER_NAME,RECEIVER_HP1,RECEIVER_HP2,RECEIVER_HP3,RECEIVER_TEL1,RECEIVER_TEL2,RECEIVER_TEL3,DELIVERY_ADDRESS,DELIVERY_METHOD,DELIVERY_MESSAGE,GIFT_WRAPPING,PAY_METHOD,CARD_COM_NAME,CARD_PAY_MONTH,PAY_ORDERER_HP_NUM,DELIVERY_STATE,PAY_ORDER_TIME,ORDERER_HP,GOODS_DELIVERY_PRICE,GOODS_PRICE) values (728,446,'lee2',336,'이순신','짠테크 가계부',1,30000,'짠테그 가계부_메인.jpg','이순신','010','1111','2222','02','2222',' 2323','우편번호:04533<br>도로명 주소:서울 중구 을지로 6 (을지로1가)<br>[지번 주소:서울 중구 을지로1가 192-11]<br>가동112호','일반택배',null,'no','신용카드<br>카드사:삼성<br>할부개월수:일시불','삼성','일시불','해당없음','delivery_prepared',to_date('25/07/24','RR/MM/DD'),'010-1111-2222',null,null);
Insert into T_SHOPPING_ORDER (ORDER_SEQ_NUM,ORDER_ID,MEMBER_ID,GOODS_ID,ORDERER_NAME,GOODS_TITLE,ORDER_GOODS_QTY,GOODS_SALES_PRICE,GOODS_FILENAME,RECEIVER_NAME,RECEIVER_HP1,RECEIVER_HP2,RECEIVER_HP3,RECEIVER_TEL1,RECEIVER_TEL2,RECEIVER_TEL3,DELIVERY_ADDRESS,DELIVERY_METHOD,DELIVERY_MESSAGE,GIFT_WRAPPING,PAY_METHOD,CARD_COM_NAME,CARD_PAY_MONTH,PAY_ORDERER_HP_NUM,DELIVERY_STATE,PAY_ORDER_TIME,ORDERER_HP,GOODS_DELIVERY_PRICE,GOODS_PRICE) values (729,447,'lee2',354,'이순신','모두의 딥러닝',1,21600,'모두의 딥러닝_메인.jpg','이순신','010','1111','2222','02','2222',' 2323','우편번호:04533<br>도로명 주소:서울 중구 을지로 6 (을지로1가)<br>[지번 주소:서울 중구 을지로1가 192-11]<br>가동112호','일반택배',null,'no','신용카드<br>카드사:삼성<br>할부개월수:일시불','삼성','일시불','해당없음','delivery_prepared',to_date('25/07/24','RR/MM/DD'),'010-1111-2222',null,null);
Insert into T_SHOPPING_ORDER (ORDER_SEQ_NUM,ORDER_ID,MEMBER_ID,GOODS_ID,ORDERER_NAME,GOODS_TITLE,ORDER_GOODS_QTY,GOODS_SALES_PRICE,GOODS_FILENAME,RECEIVER_NAME,RECEIVER_HP1,RECEIVER_HP2,RECEIVER_HP3,RECEIVER_TEL1,RECEIVER_TEL2,RECEIVER_TEL3,DELIVERY_ADDRESS,DELIVERY_METHOD,DELIVERY_MESSAGE,GIFT_WRAPPING,PAY_METHOD,CARD_COM_NAME,CARD_PAY_MONTH,PAY_ORDERER_HP_NUM,DELIVERY_STATE,PAY_ORDER_TIME,ORDERER_HP,GOODS_DELIVERY_PRICE,GOODS_PRICE) values (730,447,'lee2',336,'이순신','짠테크 가계부',1,30000,'짠테그 가계부_메인.jpg','이순신','010','1111','2222','02','2222',' 2323','우편번호:04533<br>도로명 주소:서울 중구 을지로 6 (을지로1가)<br>[지번 주소:서울 중구 을지로1가 192-11]<br>가동112호','일반택배',null,'no','신용카드<br>카드사:삼성<br>할부개월수:일시불','삼성','일시불','해당없음','delivery_prepared',to_date('25/07/24','RR/MM/DD'),'010-1111-2222',null,null);
Insert into T_SHOPPING_ORDER (ORDER_SEQ_NUM,ORDER_ID,MEMBER_ID,GOODS_ID,ORDERER_NAME,GOODS_TITLE,ORDER_GOODS_QTY,GOODS_SALES_PRICE,GOODS_FILENAME,RECEIVER_NAME,RECEIVER_HP1,RECEIVER_HP2,RECEIVER_HP3,RECEIVER_TEL1,RECEIVER_TEL2,RECEIVER_TEL3,DELIVERY_ADDRESS,DELIVERY_METHOD,DELIVERY_MESSAGE,GIFT_WRAPPING,PAY_METHOD,CARD_COM_NAME,CARD_PAY_MONTH,PAY_ORDERER_HP_NUM,DELIVERY_STATE,PAY_ORDER_TIME,ORDERER_HP,GOODS_DELIVERY_PRICE,GOODS_PRICE) values (731,448,'lee2',354,'이순신','모두의 딥러닝',1,21600,'모두의 딥러닝_메인.jpg','이순신','010','1111','2222','02','2222',' 2323','우편번호:04533<br>도로명 주소:서울 중구 을지로 6 (을지로1가)<br>[지번 주소:서울 중구 을지로1가 192-11]<br>가동112호','일반택배',null,'no','신용카드<br>카드사:삼성<br>할부개월수:일시불','삼성','일시불','해당없음','delivery_prepared',to_date('25/07/24','RR/MM/DD'),'010-1111-2222',null,null);
Insert into T_SHOPPING_ORDER (ORDER_SEQ_NUM,ORDER_ID,MEMBER_ID,GOODS_ID,ORDERER_NAME,GOODS_TITLE,ORDER_GOODS_QTY,GOODS_SALES_PRICE,GOODS_FILENAME,RECEIVER_NAME,RECEIVER_HP1,RECEIVER_HP2,RECEIVER_HP3,RECEIVER_TEL1,RECEIVER_TEL2,RECEIVER_TEL3,DELIVERY_ADDRESS,DELIVERY_METHOD,DELIVERY_MESSAGE,GIFT_WRAPPING,PAY_METHOD,CARD_COM_NAME,CARD_PAY_MONTH,PAY_ORDERER_HP_NUM,DELIVERY_STATE,PAY_ORDER_TIME,ORDERER_HP,GOODS_DELIVERY_PRICE,GOODS_PRICE) values (732,448,'lee2',336,'이순신','짠테크 가계부',1,30000,'짠테그 가계부_메인.jpg','이순신','010','1111','2222','02','2222',' 2323','우편번호:04533<br>도로명 주소:서울 중구 을지로 6 (을지로1가)<br>[지번 주소:서울 중구 을지로1가 192-11]<br>가동112호','일반택배',null,'no','신용카드<br>카드사:삼성<br>할부개월수:일시불','삼성','일시불','해당없음','delivery_prepared',to_date('25/07/24','RR/MM/DD'),'010-1111-2222',null,null);
Insert into T_SHOPPING_ORDER (ORDER_SEQ_NUM,ORDER_ID,MEMBER_ID,GOODS_ID,ORDERER_NAME,GOODS_TITLE,ORDER_GOODS_QTY,GOODS_SALES_PRICE,GOODS_FILENAME,RECEIVER_NAME,RECEIVER_HP1,RECEIVER_HP2,RECEIVER_HP3,RECEIVER_TEL1,RECEIVER_TEL2,RECEIVER_TEL3,DELIVERY_ADDRESS,DELIVERY_METHOD,DELIVERY_MESSAGE,GIFT_WRAPPING,PAY_METHOD,CARD_COM_NAME,CARD_PAY_MONTH,PAY_ORDERER_HP_NUM,DELIVERY_STATE,PAY_ORDER_TIME,ORDERER_HP,GOODS_DELIVERY_PRICE,GOODS_PRICE) values (733,449,'lee2',354,'이순신','모두의 딥러닝',1,21600,'모두의 딥러닝_메인.jpg','이순신','010','1111','2222','02','2222',' 2323','우편번호:04533<br>도로명 주소:서울 중구 을지로 6 (을지로1가)<br>[지번 주소:서울 중구 을지로1가 192-11]<br>가동112호','일반택배',null,'no','신용카드<br>카드사:삼성<br>할부개월수:일시불','삼성','일시불','해당없음','delivery_prepared',to_date('25/07/24','RR/MM/DD'),'010-1111-2222',null,null);
Insert into T_SHOPPING_ORDER (ORDER_SEQ_NUM,ORDER_ID,MEMBER_ID,GOODS_ID,ORDERER_NAME,GOODS_TITLE,ORDER_GOODS_QTY,GOODS_SALES_PRICE,GOODS_FILENAME,RECEIVER_NAME,RECEIVER_HP1,RECEIVER_HP2,RECEIVER_HP3,RECEIVER_TEL1,RECEIVER_TEL2,RECEIVER_TEL3,DELIVERY_ADDRESS,DELIVERY_METHOD,DELIVERY_MESSAGE,GIFT_WRAPPING,PAY_METHOD,CARD_COM_NAME,CARD_PAY_MONTH,PAY_ORDERER_HP_NUM,DELIVERY_STATE,PAY_ORDER_TIME,ORDERER_HP,GOODS_DELIVERY_PRICE,GOODS_PRICE) values (580,423,'lee2',356,'이순신','마인크래프트 무작정 따라하기',1,12000,'마인_메인.jpg','이순신','010','1111','2222','02','111','1212','우편번호:13536<br>도로명 주소:경기 성남시 분당구 판교역로 4 (백현동)<br>[지번 주소:경기 성남시 분당구 백현동 582-7]<br>가동112호','일반택배',null,'no','신용카드<br>카드사:삼성<br>할부개월수:일시불','삼성','일시불','해당없음','cancel_order',to_date('25/07/19','RR/MM/DD'),'010-1111-2222',null,null);
Insert into T_SHOPPING_ORDER (ORDER_SEQ_NUM,ORDER_ID,MEMBER_ID,GOODS_ID,ORDERER_NAME,GOODS_TITLE,ORDER_GOODS_QTY,GOODS_SALES_PRICE,GOODS_FILENAME,RECEIVER_NAME,RECEIVER_HP1,RECEIVER_HP2,RECEIVER_HP3,RECEIVER_TEL1,RECEIVER_TEL2,RECEIVER_TEL3,DELIVERY_ADDRESS,DELIVERY_METHOD,DELIVERY_MESSAGE,GIFT_WRAPPING,PAY_METHOD,CARD_COM_NAME,CARD_PAY_MONTH,PAY_ORDERER_HP_NUM,DELIVERY_STATE,PAY_ORDER_TIME,ORDERER_HP,GOODS_DELIVERY_PRICE,GOODS_PRICE) values (600,424,'lee2',354,'이순신','모두의 딥러닝',1,21600,'모두의 딥러닝_메인.jpg','이순신','010','1111','2222','02','111','1212','우편번호:13536<br>도로명 주소:경기 성남시 분당구 판교역로 4 (백현동)<br>[지번 주소:경기 성남시 분당구 백현동 582-7]<br>가동112호','일반택배',null,'no','신용카드<br>카드사:삼성<br>할부개월수:일시불','삼성','일시불','해당없음','cancel_order',to_date('25/07/19','RR/MM/DD'),'010-1111-2222',null,null);
Insert into T_SHOPPING_ORDER (ORDER_SEQ_NUM,ORDER_ID,MEMBER_ID,GOODS_ID,ORDERER_NAME,GOODS_TITLE,ORDER_GOODS_QTY,GOODS_SALES_PRICE,GOODS_FILENAME,RECEIVER_NAME,RECEIVER_HP1,RECEIVER_HP2,RECEIVER_HP3,RECEIVER_TEL1,RECEIVER_TEL2,RECEIVER_TEL3,DELIVERY_ADDRESS,DELIVERY_METHOD,DELIVERY_MESSAGE,GIFT_WRAPPING,PAY_METHOD,CARD_COM_NAME,CARD_PAY_MONTH,PAY_ORDERER_HP_NUM,DELIVERY_STATE,PAY_ORDER_TIME,ORDERER_HP,GOODS_DELIVERY_PRICE,GOODS_PRICE) values (601,424,'lee2',336,'이순신','짠테크 가계부',1,30000,'짠테그 가계부_메인.jpg','이순신','010','1111','2222','02','111','1212','우편번호:13536<br>도로명 주소:경기 성남시 분당구 판교역로 4 (백현동)<br>[지번 주소:경기 성남시 분당구 백현동 582-7]<br>가동112호','일반택배',null,'no','신용카드<br>카드사:삼성<br>할부개월수:일시불','삼성','일시불','해당없음','cancel_order',to_date('25/07/19','RR/MM/DD'),'010-1111-2222',null,null);
Insert into T_SHOPPING_ORDER (ORDER_SEQ_NUM,ORDER_ID,MEMBER_ID,GOODS_ID,ORDERER_NAME,GOODS_TITLE,ORDER_GOODS_QTY,GOODS_SALES_PRICE,GOODS_FILENAME,RECEIVER_NAME,RECEIVER_HP1,RECEIVER_HP2,RECEIVER_HP3,RECEIVER_TEL1,RECEIVER_TEL2,RECEIVER_TEL3,DELIVERY_ADDRESS,DELIVERY_METHOD,DELIVERY_MESSAGE,GIFT_WRAPPING,PAY_METHOD,CARD_COM_NAME,CARD_PAY_MONTH,PAY_ORDERER_HP_NUM,DELIVERY_STATE,PAY_ORDER_TIME,ORDERER_HP,GOODS_DELIVERY_PRICE,GOODS_PRICE) values (602,424,'lee2',342,'이순신','부동산 상식 사전',1,20000,'부동상 상식사전_메인.jpg','이순신','010','1111','2222','02','111','1212','우편번호:13536<br>도로명 주소:경기 성남시 분당구 판교역로 4 (백현동)<br>[지번 주소:경기 성남시 분당구 백현동 582-7]<br>가동112호','일반택배',null,'no','신용카드<br>카드사:삼성<br>할부개월수:일시불','삼성','일시불','해당없음','cancel_order',to_date('25/07/19','RR/MM/DD'),'010-1111-2222',null,null);
Insert into T_SHOPPING_ORDER (ORDER_SEQ_NUM,ORDER_ID,MEMBER_ID,GOODS_ID,ORDERER_NAME,GOODS_TITLE,ORDER_GOODS_QTY,GOODS_SALES_PRICE,GOODS_FILENAME,RECEIVER_NAME,RECEIVER_HP1,RECEIVER_HP2,RECEIVER_HP3,RECEIVER_TEL1,RECEIVER_TEL2,RECEIVER_TEL3,DELIVERY_ADDRESS,DELIVERY_METHOD,DELIVERY_MESSAGE,GIFT_WRAPPING,PAY_METHOD,CARD_COM_NAME,CARD_PAY_MONTH,PAY_ORDERER_HP_NUM,DELIVERY_STATE,PAY_ORDER_TIME,ORDERER_HP,GOODS_DELIVERY_PRICE,GOODS_PRICE) values (640,426,'lee2',336,'이순신','짠테크 가계부',1,30000,'짠테그 가계부_메인.jpg','이순신','010','1111','2222','02','2222',' 2323','우편번호:04533<br>도로명 주소:서울 중구 을지로 6 (을지로1가)<br>[지번 주소:서울 중구 을지로1가 192-11]<br>가동112호','일반택배',null,'no','신용카드<br>카드사:삼성<br>할부개월수:일시불','삼성','일시불','해당없음','delivery_prepared',to_date('25/07/22','RR/MM/DD'),'010-1111-2222',null,null);
Insert into T_SHOPPING_ORDER (ORDER_SEQ_NUM,ORDER_ID,MEMBER_ID,GOODS_ID,ORDERER_NAME,GOODS_TITLE,ORDER_GOODS_QTY,GOODS_SALES_PRICE,GOODS_FILENAME,RECEIVER_NAME,RECEIVER_HP1,RECEIVER_HP2,RECEIVER_HP3,RECEIVER_TEL1,RECEIVER_TEL2,RECEIVER_TEL3,DELIVERY_ADDRESS,DELIVERY_METHOD,DELIVERY_MESSAGE,GIFT_WRAPPING,PAY_METHOD,CARD_COM_NAME,CARD_PAY_MONTH,PAY_ORDERER_HP_NUM,DELIVERY_STATE,PAY_ORDER_TIME,ORDERER_HP,GOODS_DELIVERY_PRICE,GOODS_PRICE) values (641,426,'lee2',397,'이순신','리액트를 다루는 기술',1,32000,'main_react.jpg','이순신','010','1111','2222','02','2222',' 2323','우편번호:04533<br>도로명 주소:서울 중구 을지로 6 (을지로1가)<br>[지번 주소:서울 중구 을지로1가 192-11]<br>가동112호','일반택배',null,'no','신용카드<br>카드사:삼성<br>할부개월수:일시불','삼성','일시불','해당없음','delivery_prepared',to_date('25/07/22','RR/MM/DD'),'010-1111-2222',null,null);
Insert into T_SHOPPING_ORDER (ORDER_SEQ_NUM,ORDER_ID,MEMBER_ID,GOODS_ID,ORDERER_NAME,GOODS_TITLE,ORDER_GOODS_QTY,GOODS_SALES_PRICE,GOODS_FILENAME,RECEIVER_NAME,RECEIVER_HP1,RECEIVER_HP2,RECEIVER_HP3,RECEIVER_TEL1,RECEIVER_TEL2,RECEIVER_TEL3,DELIVERY_ADDRESS,DELIVERY_METHOD,DELIVERY_MESSAGE,GIFT_WRAPPING,PAY_METHOD,CARD_COM_NAME,CARD_PAY_MONTH,PAY_ORDERER_HP_NUM,DELIVERY_STATE,PAY_ORDER_TIME,ORDERER_HP,GOODS_DELIVERY_PRICE,GOODS_PRICE) values (734,449,'lee2',336,'이순신','짠테크 가계부',1,30000,'짠테그 가계부_메인.jpg','이순신','010','1111','2222','02','2222',' 2323','우편번호:04533<br>도로명 주소:서울 중구 을지로 6 (을지로1가)<br>[지번 주소:서울 중구 을지로1가 192-11]<br>가동112호','일반택배',null,'no','신용카드<br>카드사:삼성<br>할부개월수:일시불','삼성','일시불','해당없음','delivery_prepared',to_date('25/07/24','RR/MM/DD'),'010-1111-2222',null,null);
Insert into T_SHOPPING_ORDER (ORDER_SEQ_NUM,ORDER_ID,MEMBER_ID,GOODS_ID,ORDERER_NAME,GOODS_TITLE,ORDER_GOODS_QTY,GOODS_SALES_PRICE,GOODS_FILENAME,RECEIVER_NAME,RECEIVER_HP1,RECEIVER_HP2,RECEIVER_HP3,RECEIVER_TEL1,RECEIVER_TEL2,RECEIVER_TEL3,DELIVERY_ADDRESS,DELIVERY_METHOD,DELIVERY_MESSAGE,GIFT_WRAPPING,PAY_METHOD,CARD_COM_NAME,CARD_PAY_MONTH,PAY_ORDERER_HP_NUM,DELIVERY_STATE,PAY_ORDER_TIME,ORDERER_HP,GOODS_DELIVERY_PRICE,GOODS_PRICE) values (735,450,'lee2',354,'이순신','모두의 딥러닝',1,21600,'모두의 딥러닝_메인.jpg','이순신','010','1111','2222','02','2222',' 2323','우편번호:04533<br>도로명 주소:서울 중구 을지로 6 (을지로1가)<br>[지번 주소:서울 중구 을지로1가 192-11]<br>가동112호','일반택배',null,'no','신용카드<br>카드사:삼성<br>할부개월수:일시불','삼성','일시불','해당없음','delivery_prepared',to_date('25/07/24','RR/MM/DD'),'010-1111-2222',null,null);
Insert into T_SHOPPING_ORDER (ORDER_SEQ_NUM,ORDER_ID,MEMBER_ID,GOODS_ID,ORDERER_NAME,GOODS_TITLE,ORDER_GOODS_QTY,GOODS_SALES_PRICE,GOODS_FILENAME,RECEIVER_NAME,RECEIVER_HP1,RECEIVER_HP2,RECEIVER_HP3,RECEIVER_TEL1,RECEIVER_TEL2,RECEIVER_TEL3,DELIVERY_ADDRESS,DELIVERY_METHOD,DELIVERY_MESSAGE,GIFT_WRAPPING,PAY_METHOD,CARD_COM_NAME,CARD_PAY_MONTH,PAY_ORDERER_HP_NUM,DELIVERY_STATE,PAY_ORDER_TIME,ORDERER_HP,GOODS_DELIVERY_PRICE,GOODS_PRICE) values (736,450,'lee2',336,'이순신','짠테크 가계부',1,30000,'짠테그 가계부_메인.jpg','이순신','010','1111','2222','02','2222',' 2323','우편번호:04533<br>도로명 주소:서울 중구 을지로 6 (을지로1가)<br>[지번 주소:서울 중구 을지로1가 192-11]<br>가동112호','일반택배',null,'no','신용카드<br>카드사:삼성<br>할부개월수:일시불','삼성','일시불','해당없음','delivery_prepared',to_date('25/07/24','RR/MM/DD'),'010-1111-2222',null,null);
Insert into T_SHOPPING_ORDER (ORDER_SEQ_NUM,ORDER_ID,MEMBER_ID,GOODS_ID,ORDERER_NAME,GOODS_TITLE,ORDER_GOODS_QTY,GOODS_SALES_PRICE,GOODS_FILENAME,RECEIVER_NAME,RECEIVER_HP1,RECEIVER_HP2,RECEIVER_HP3,RECEIVER_TEL1,RECEIVER_TEL2,RECEIVER_TEL3,DELIVERY_ADDRESS,DELIVERY_METHOD,DELIVERY_MESSAGE,GIFT_WRAPPING,PAY_METHOD,CARD_COM_NAME,CARD_PAY_MONTH,PAY_ORDERER_HP_NUM,DELIVERY_STATE,PAY_ORDER_TIME,ORDERER_HP,GOODS_DELIVERY_PRICE,GOODS_PRICE) values (737,451,'lee2',354,'이순신','모두의 딥러닝',1,21600,'모두의 딥러닝_메인.jpg','이순신','010','1111','2222','02','2222',' 2323','우편번호:04533<br>도로명 주소:서울 중구 을지로 6 (을지로1가)<br>[지번 주소:서울 중구 을지로1가 192-11]<br>가동112호','일반택배',null,'no','신용카드<br>카드사:삼성<br>할부개월수:일시불','삼성','일시불','해당없음','delivery_prepared',to_date('25/07/24','RR/MM/DD'),'010-1111-2222',null,null);
Insert into T_SHOPPING_ORDER (ORDER_SEQ_NUM,ORDER_ID,MEMBER_ID,GOODS_ID,ORDERER_NAME,GOODS_TITLE,ORDER_GOODS_QTY,GOODS_SALES_PRICE,GOODS_FILENAME,RECEIVER_NAME,RECEIVER_HP1,RECEIVER_HP2,RECEIVER_HP3,RECEIVER_TEL1,RECEIVER_TEL2,RECEIVER_TEL3,DELIVERY_ADDRESS,DELIVERY_METHOD,DELIVERY_MESSAGE,GIFT_WRAPPING,PAY_METHOD,CARD_COM_NAME,CARD_PAY_MONTH,PAY_ORDERER_HP_NUM,DELIVERY_STATE,PAY_ORDER_TIME,ORDERER_HP,GOODS_DELIVERY_PRICE,GOODS_PRICE) values (738,451,'lee2',336,'이순신','짠테크 가계부',1,30000,'짠테그 가계부_메인.jpg','이순신','010','1111','2222','02','2222',' 2323','우편번호:04533<br>도로명 주소:서울 중구 을지로 6 (을지로1가)<br>[지번 주소:서울 중구 을지로1가 192-11]<br>가동112호','일반택배',null,'no','신용카드<br>카드사:삼성<br>할부개월수:일시불','삼성','일시불','해당없음','delivery_prepared',to_date('25/07/24','RR/MM/DD'),'010-1111-2222',null,null);
Insert into T_SHOPPING_ORDER (ORDER_SEQ_NUM,ORDER_ID,MEMBER_ID,GOODS_ID,ORDERER_NAME,GOODS_TITLE,ORDER_GOODS_QTY,GOODS_SALES_PRICE,GOODS_FILENAME,RECEIVER_NAME,RECEIVER_HP1,RECEIVER_HP2,RECEIVER_HP3,RECEIVER_TEL1,RECEIVER_TEL2,RECEIVER_TEL3,DELIVERY_ADDRESS,DELIVERY_METHOD,DELIVERY_MESSAGE,GIFT_WRAPPING,PAY_METHOD,CARD_COM_NAME,CARD_PAY_MONTH,PAY_ORDERER_HP_NUM,DELIVERY_STATE,PAY_ORDER_TIME,ORDERER_HP,GOODS_DELIVERY_PRICE,GOODS_PRICE) values (739,452,'lee2',354,'이순신','모두의 딥러닝',1,21600,'모두의 딥러닝_메인.jpg','이순신','010','1111','2222','02','2222',' 2323','우편번호:04533<br>도로명 주소:서울 중구 을지로 6 (을지로1가)<br>[지번 주소:서울 중구 을지로1가 192-11]<br>가동112호','일반택배',null,'no','신용카드<br>카드사:삼성<br>할부개월수:일시불','삼성','일시불','해당없음','delivery_prepared',to_date('25/07/24','RR/MM/DD'),'010-1111-2222',null,null);
Insert into T_SHOPPING_ORDER (ORDER_SEQ_NUM,ORDER_ID,MEMBER_ID,GOODS_ID,ORDERER_NAME,GOODS_TITLE,ORDER_GOODS_QTY,GOODS_SALES_PRICE,GOODS_FILENAME,RECEIVER_NAME,RECEIVER_HP1,RECEIVER_HP2,RECEIVER_HP3,RECEIVER_TEL1,RECEIVER_TEL2,RECEIVER_TEL3,DELIVERY_ADDRESS,DELIVERY_METHOD,DELIVERY_MESSAGE,GIFT_WRAPPING,PAY_METHOD,CARD_COM_NAME,CARD_PAY_MONTH,PAY_ORDERER_HP_NUM,DELIVERY_STATE,PAY_ORDER_TIME,ORDERER_HP,GOODS_DELIVERY_PRICE,GOODS_PRICE) values (740,452,'lee2',336,'이순신','짠테크 가계부',1,30000,'짠테그 가계부_메인.jpg','이순신','010','1111','2222','02','2222',' 2323','우편번호:04533<br>도로명 주소:서울 중구 을지로 6 (을지로1가)<br>[지번 주소:서울 중구 을지로1가 192-11]<br>가동112호','일반택배',null,'no','신용카드<br>카드사:삼성<br>할부개월수:일시불','삼성','일시불','해당없음','delivery_prepared',to_date('25/07/24','RR/MM/DD'),'010-1111-2222',null,null);
Insert into T_SHOPPING_ORDER (ORDER_SEQ_NUM,ORDER_ID,MEMBER_ID,GOODS_ID,ORDERER_NAME,GOODS_TITLE,ORDER_GOODS_QTY,GOODS_SALES_PRICE,GOODS_FILENAME,RECEIVER_NAME,RECEIVER_HP1,RECEIVER_HP2,RECEIVER_HP3,RECEIVER_TEL1,RECEIVER_TEL2,RECEIVER_TEL3,DELIVERY_ADDRESS,DELIVERY_METHOD,DELIVERY_MESSAGE,GIFT_WRAPPING,PAY_METHOD,CARD_COM_NAME,CARD_PAY_MONTH,PAY_ORDERER_HP_NUM,DELIVERY_STATE,PAY_ORDER_TIME,ORDERER_HP,GOODS_DELIVERY_PRICE,GOODS_PRICE) values (741,453,'lee2',342,'이순신','부동산 상식 사전',2,20000,'부동상 상식사전_메인.jpg','이순신','010','1111','2222','02','2222',' 2323','우편번호:04533<br>도로명 주소:서울 중구 을지로 6 (을지로1가)<br>[지번 주소:서울 중구 을지로1가 192-11]<br>가동112호','일반택배',null,'no','신용카드<br>카드사:삼성<br>할부개월수:일시불','삼성','일시불','해당없음','delivery_prepared',to_date('25/07/24','RR/MM/DD'),'010-1111-2222',null,null);
Insert into T_SHOPPING_ORDER (ORDER_SEQ_NUM,ORDER_ID,MEMBER_ID,GOODS_ID,ORDERER_NAME,GOODS_TITLE,ORDER_GOODS_QTY,GOODS_SALES_PRICE,GOODS_FILENAME,RECEIVER_NAME,RECEIVER_HP1,RECEIVER_HP2,RECEIVER_HP3,RECEIVER_TEL1,RECEIVER_TEL2,RECEIVER_TEL3,DELIVERY_ADDRESS,DELIVERY_METHOD,DELIVERY_MESSAGE,GIFT_WRAPPING,PAY_METHOD,CARD_COM_NAME,CARD_PAY_MONTH,PAY_ORDERER_HP_NUM,DELIVERY_STATE,PAY_ORDER_TIME,ORDERER_HP,GOODS_DELIVERY_PRICE,GOODS_PRICE) values (742,454,'lee2',341,'이순신','자바스크립트 배우기',1,25000,'헬로자바스크립트_메인.jpg','이순신','010','1111','2222','02','2222',' 2323','우편번호:04533<br>도로명 주소:서울 중구 을지로 6 (을지로1가)<br>[지번 주소:서울 중구 을지로1가 192-11]<br>가동112호','일반택배',null,'no','신용카드<br>카드사:삼성<br>할부개월수:일시불','삼성','일시불','해당없음','delivery_prepared',to_date('25/07/24','RR/MM/DD'),'010-1111-2222',null,null);
Insert into T_SHOPPING_ORDER (ORDER_SEQ_NUM,ORDER_ID,MEMBER_ID,GOODS_ID,ORDERER_NAME,GOODS_TITLE,ORDER_GOODS_QTY,GOODS_SALES_PRICE,GOODS_FILENAME,RECEIVER_NAME,RECEIVER_HP1,RECEIVER_HP2,RECEIVER_HP3,RECEIVER_TEL1,RECEIVER_TEL2,RECEIVER_TEL3,DELIVERY_ADDRESS,DELIVERY_METHOD,DELIVERY_MESSAGE,GIFT_WRAPPING,PAY_METHOD,CARD_COM_NAME,CARD_PAY_MONTH,PAY_ORDERER_HP_NUM,DELIVERY_STATE,PAY_ORDER_TIME,ORDERER_HP,GOODS_DELIVERY_PRICE,GOODS_PRICE) values (743,455,'lee2',336,'이순신','짠테크 가계부',1,30000,'짠테그 가계부_메인.jpg','이순신','010','1111','2222','02','2222',' 2323','우편번호:04533<br>도로명 주소:서울 중구 을지로 6 (을지로1가)<br>[지번 주소:서울 중구 을지로1가 192-11]<br>가동112호','일반택배',null,'no','신용카드<br>카드사:삼성<br>할부개월수:일시불','삼성','일시불','해당없음','delivery_prepared',to_date('25/07/24','RR/MM/DD'),'010-1111-2222',null,null);
Insert into T_SHOPPING_ORDER (ORDER_SEQ_NUM,ORDER_ID,MEMBER_ID,GOODS_ID,ORDERER_NAME,GOODS_TITLE,ORDER_GOODS_QTY,GOODS_SALES_PRICE,GOODS_FILENAME,RECEIVER_NAME,RECEIVER_HP1,RECEIVER_HP2,RECEIVER_HP3,RECEIVER_TEL1,RECEIVER_TEL2,RECEIVER_TEL3,DELIVERY_ADDRESS,DELIVERY_METHOD,DELIVERY_MESSAGE,GIFT_WRAPPING,PAY_METHOD,CARD_COM_NAME,CARD_PAY_MONTH,PAY_ORDERER_HP_NUM,DELIVERY_STATE,PAY_ORDER_TIME,ORDERER_HP,GOODS_DELIVERY_PRICE,GOODS_PRICE) values (1007,498,'lee2',480,'이순신','자바 웹을 다루는 기술',1,40500,'자바웹 메인이미지.jpg','이순신','010','1111','2222','02','2222',' 2323','우편번호:04533<br>도로명 주소:서울 중구 을지로 6 (을지로1가)<br>[지번 주소:서울 중구 을지로1가 192-11]<br>가동112호','일반택배',null,'no','신용카드<br>카드사:삼성<br>할부개월수:일시불','삼성','일시불','해당없음','delivery_prepared',to_date('25/08/22','RR/MM/DD'),'010-1111-2222',null,45000);
Insert into T_SHOPPING_ORDER (ORDER_SEQ_NUM,ORDER_ID,MEMBER_ID,GOODS_ID,ORDERER_NAME,GOODS_TITLE,ORDER_GOODS_QTY,GOODS_SALES_PRICE,GOODS_FILENAME,RECEIVER_NAME,RECEIVER_HP1,RECEIVER_HP2,RECEIVER_HP3,RECEIVER_TEL1,RECEIVER_TEL2,RECEIVER_TEL3,DELIVERY_ADDRESS,DELIVERY_METHOD,DELIVERY_MESSAGE,GIFT_WRAPPING,PAY_METHOD,CARD_COM_NAME,CARD_PAY_MONTH,PAY_ORDERER_HP_NUM,DELIVERY_STATE,PAY_ORDER_TIME,ORDERER_HP,GOODS_DELIVERY_PRICE,GOODS_PRICE) values (1008,498,'lee2',472,'이순신','초보 개발자를 위한 자바',2,34000,'초보 개발자 자바 메인 이미지.jpg','이순신','010','1111','2222','02','2222',' 2323','우편번호:04533<br>도로명 주소:서울 중구 을지로 6 (을지로1가)<br>[지번 주소:서울 중구 을지로1가 192-11]<br>가동112호','일반택배',null,'no','신용카드<br>카드사:삼성<br>할부개월수:일시불','삼성','일시불','해당없음','delivery_prepared',to_date('25/08/22','RR/MM/DD'),'010-1111-2222',null,40000);
Insert into T_SHOPPING_ORDER (ORDER_SEQ_NUM,ORDER_ID,MEMBER_ID,GOODS_ID,ORDERER_NAME,GOODS_TITLE,ORDER_GOODS_QTY,GOODS_SALES_PRICE,GOODS_FILENAME,RECEIVER_NAME,RECEIVER_HP1,RECEIVER_HP2,RECEIVER_HP3,RECEIVER_TEL1,RECEIVER_TEL2,RECEIVER_TEL3,DELIVERY_ADDRESS,DELIVERY_METHOD,DELIVERY_MESSAGE,GIFT_WRAPPING,PAY_METHOD,CARD_COM_NAME,CARD_PAY_MONTH,PAY_ORDERER_HP_NUM,DELIVERY_STATE,PAY_ORDER_TIME,ORDERER_HP,GOODS_DELIVERY_PRICE,GOODS_PRICE) values (973,488,'lee2',480,'이순신','자바 웹을 다루는 기술',1,40500,'자바웹 메인이미지.jpg','이순신','010','1111','2222','02','2222',' 2323','우편번호:04533<br>도로명 주소:서울 중구 을지로 6 (을지로1가)<br>[지번 주소:서울 중구 을지로1가 192-11]<br>가동112호','일반택배',null,'no','신용카드<br>카드사:삼성<br>할부개월수:일시불','삼성','일시불','해당없음','delivery_prepared',to_date('25/08/21','RR/MM/DD'),'010-1111-2222',null,45000);
Insert into T_SHOPPING_ORDER (ORDER_SEQ_NUM,ORDER_ID,MEMBER_ID,GOODS_ID,ORDERER_NAME,GOODS_TITLE,ORDER_GOODS_QTY,GOODS_SALES_PRICE,GOODS_FILENAME,RECEIVER_NAME,RECEIVER_HP1,RECEIVER_HP2,RECEIVER_HP3,RECEIVER_TEL1,RECEIVER_TEL2,RECEIVER_TEL3,DELIVERY_ADDRESS,DELIVERY_METHOD,DELIVERY_MESSAGE,GIFT_WRAPPING,PAY_METHOD,CARD_COM_NAME,CARD_PAY_MONTH,PAY_ORDERER_HP_NUM,DELIVERY_STATE,PAY_ORDER_TIME,ORDERER_HP,GOODS_DELIVERY_PRICE,GOODS_PRICE) values (974,489,'lee2',480,'이순신','자바 웹을 다루는 기술',1,40500,'자바웹 메인이미지.jpg','이순신','010','1111','2222','02','2222',' 2323','우편번호:04533<br>도로명 주소:서울 중구 을지로 6 (을지로1가)<br>[지번 주소:서울 중구 을지로1가 192-11]<br>가동112호','일반택배',null,'no','신용카드<br>카드사:삼성<br>할부개월수:일시불','삼성','일시불','해당없음','delivery_prepared',to_date('25/08/21','RR/MM/DD'),'010-1111-2222',null,45000);
Insert into T_SHOPPING_ORDER (ORDER_SEQ_NUM,ORDER_ID,MEMBER_ID,GOODS_ID,ORDERER_NAME,GOODS_TITLE,ORDER_GOODS_QTY,GOODS_SALES_PRICE,GOODS_FILENAME,RECEIVER_NAME,RECEIVER_HP1,RECEIVER_HP2,RECEIVER_HP3,RECEIVER_TEL1,RECEIVER_TEL2,RECEIVER_TEL3,DELIVERY_ADDRESS,DELIVERY_METHOD,DELIVERY_MESSAGE,GIFT_WRAPPING,PAY_METHOD,CARD_COM_NAME,CARD_PAY_MONTH,PAY_ORDERER_HP_NUM,DELIVERY_STATE,PAY_ORDER_TIME,ORDERER_HP,GOODS_DELIVERY_PRICE,GOODS_PRICE) values (975,490,'lee2',472,'이순신','초보 개발자를 위한 자바',1,34000,'초보 개발자 자바 메인 이미지.jpg','이순신','010','1111','2222','02','2222',' 2323','우편번호:04533<br>도로명 주소:서울 중구 을지로 6 (을지로1가)<br>[지번 주소:서울 중구 을지로1가 192-11]<br>가동112호','일반택배',null,'no','신용카드<br>카드사:삼성<br>할부개월수:일시불','삼성','일시불','해당없음','delivery_prepared',to_date('25/08/21','RR/MM/DD'),'010-1111-2222',null,40000);
Insert into T_SHOPPING_ORDER (ORDER_SEQ_NUM,ORDER_ID,MEMBER_ID,GOODS_ID,ORDERER_NAME,GOODS_TITLE,ORDER_GOODS_QTY,GOODS_SALES_PRICE,GOODS_FILENAME,RECEIVER_NAME,RECEIVER_HP1,RECEIVER_HP2,RECEIVER_HP3,RECEIVER_TEL1,RECEIVER_TEL2,RECEIVER_TEL3,DELIVERY_ADDRESS,DELIVERY_METHOD,DELIVERY_MESSAGE,GIFT_WRAPPING,PAY_METHOD,CARD_COM_NAME,CARD_PAY_MONTH,PAY_ORDERER_HP_NUM,DELIVERY_STATE,PAY_ORDER_TIME,ORDERER_HP,GOODS_DELIVERY_PRICE,GOODS_PRICE) values (1100,513,'son',480,'손흥민','자바 웹을 다루는 기술',1,40500,'자바웹 메인이미지.jpg','손흥민','011','2222','    2222','02','1111',' 1111','우편번호:01097<br>도로명 주소:서울 강북구 덕릉로 2 (수유동)<br>[지번 주소:서울 강북구 수유동 461-8]<br>강북 아파트 101동 1101호','일반택배','감사합니다!!!','no','신용카드<br>카드사:삼성<br>할부개월수:일시불','삼성','일시불','해당없음','delivery_prepared',to_date('25/08/27','RR/MM/DD'),'011-2222-    2222',null,45000);
Insert into T_SHOPPING_ORDER (ORDER_SEQ_NUM,ORDER_ID,MEMBER_ID,GOODS_ID,ORDERER_NAME,GOODS_TITLE,ORDER_GOODS_QTY,GOODS_SALES_PRICE,GOODS_FILENAME,RECEIVER_NAME,RECEIVER_HP1,RECEIVER_HP2,RECEIVER_HP3,RECEIVER_TEL1,RECEIVER_TEL2,RECEIVER_TEL3,DELIVERY_ADDRESS,DELIVERY_METHOD,DELIVERY_MESSAGE,GIFT_WRAPPING,PAY_METHOD,CARD_COM_NAME,CARD_PAY_MONTH,PAY_ORDERER_HP_NUM,DELIVERY_STATE,PAY_ORDER_TIME,ORDERER_HP,GOODS_DELIVERY_PRICE,GOODS_PRICE) values (1111,519,'lee2',504,'이순신','초보 개발자를 위한 자바',1,36000,'초보 개발자 자바 메인 이미지.jpg','이순신','010','5555',' 5555','031','333',' 3333','우편번호:13543<br>도로명 주소:경기 성남시 분당구 대왕판교로 372 (백현동)<br>[지번 주소:경기 성남시 분당구 백현동 472-314]<br>가동112호','일반택배',null,'no','신용카드<br>카드사:삼성<br>할부개월수:일시불','삼성','일시불','해당없음','delivery_prepared',to_date('25/08/27','RR/MM/DD'),'010-5555- 5555',null,40000);
Insert into T_SHOPPING_ORDER (ORDER_SEQ_NUM,ORDER_ID,MEMBER_ID,GOODS_ID,ORDERER_NAME,GOODS_TITLE,ORDER_GOODS_QTY,GOODS_SALES_PRICE,GOODS_FILENAME,RECEIVER_NAME,RECEIVER_HP1,RECEIVER_HP2,RECEIVER_HP3,RECEIVER_TEL1,RECEIVER_TEL2,RECEIVER_TEL3,DELIVERY_ADDRESS,DELIVERY_METHOD,DELIVERY_MESSAGE,GIFT_WRAPPING,PAY_METHOD,CARD_COM_NAME,CARD_PAY_MONTH,PAY_ORDERER_HP_NUM,DELIVERY_STATE,PAY_ORDER_TIME,ORDERER_HP,GOODS_DELIVERY_PRICE,GOODS_PRICE) values (1112,519,'lee2',480,'이순신','자바 웹을 다루는 기술',2,40500,'자바웹 메인이미지.jpg','이순신','010','5555',' 5555','031','333',' 3333','우편번호:13543<br>도로명 주소:경기 성남시 분당구 대왕판교로 372 (백현동)<br>[지번 주소:경기 성남시 분당구 백현동 472-314]<br>가동112호','일반택배',null,'no','신용카드<br>카드사:삼성<br>할부개월수:일시불','삼성','일시불','해당없음','delivery_prepared',to_date('25/08/27','RR/MM/DD'),'010-5555- 5555',null,45000);
Insert into T_SHOPPING_ORDER (ORDER_SEQ_NUM,ORDER_ID,MEMBER_ID,GOODS_ID,ORDERER_NAME,GOODS_TITLE,ORDER_GOODS_QTY,GOODS_SALES_PRICE,GOODS_FILENAME,RECEIVER_NAME,RECEIVER_HP1,RECEIVER_HP2,RECEIVER_HP3,RECEIVER_TEL1,RECEIVER_TEL2,RECEIVER_TEL3,DELIVERY_ADDRESS,DELIVERY_METHOD,DELIVERY_MESSAGE,GIFT_WRAPPING,PAY_METHOD,CARD_COM_NAME,CARD_PAY_MONTH,PAY_ORDERER_HP_NUM,DELIVERY_STATE,PAY_ORDER_TIME,ORDERER_HP,GOODS_DELIVERY_PRICE,GOODS_PRICE) values (1113,520,'lee2',504,'이순신','초보 개발자를 위한 자바',1,36000,'초보 개발자 자바 메인 이미지.jpg','이순신','010','5555',' 5555','031','333',' 3333','우편번호:13543<br>도로명 주소:경기 성남시 분당구 대왕판교로 372 (백현동)<br>[지번 주소:경기 성남시 분당구 백현동 472-314]<br>가동112호','일반택배',null,'no','신용카드<br>카드사:삼성<br>할부개월수:일시불','삼성','일시불','해당없음','delivering',to_date('25/08/27','RR/MM/DD'),'010-5555- 5555',null,40000);
Insert into T_SHOPPING_ORDER (ORDER_SEQ_NUM,ORDER_ID,MEMBER_ID,GOODS_ID,ORDERER_NAME,GOODS_TITLE,ORDER_GOODS_QTY,GOODS_SALES_PRICE,GOODS_FILENAME,RECEIVER_NAME,RECEIVER_HP1,RECEIVER_HP2,RECEIVER_HP3,RECEIVER_TEL1,RECEIVER_TEL2,RECEIVER_TEL3,DELIVERY_ADDRESS,DELIVERY_METHOD,DELIVERY_MESSAGE,GIFT_WRAPPING,PAY_METHOD,CARD_COM_NAME,CARD_PAY_MONTH,PAY_ORDERER_HP_NUM,DELIVERY_STATE,PAY_ORDER_TIME,ORDERER_HP,GOODS_DELIVERY_PRICE,GOODS_PRICE) values (1114,520,'lee2',480,'이순신','자바 웹을 다루는 기술',2,40500,'자바웹 메인이미지.jpg','이순신','010','5555',' 5555','031','333',' 3333','우편번호:13543<br>도로명 주소:경기 성남시 분당구 대왕판교로 372 (백현동)<br>[지번 주소:경기 성남시 분당구 백현동 472-314]<br>가동112호','일반택배',null,'no','신용카드<br>카드사:삼성<br>할부개월수:일시불','삼성','일시불','해당없음','delivering',to_date('25/08/27','RR/MM/DD'),'010-5555- 5555',null,45000);
Insert into T_SHOPPING_ORDER (ORDER_SEQ_NUM,ORDER_ID,MEMBER_ID,GOODS_ID,ORDERER_NAME,GOODS_TITLE,ORDER_GOODS_QTY,GOODS_SALES_PRICE,GOODS_FILENAME,RECEIVER_NAME,RECEIVER_HP1,RECEIVER_HP2,RECEIVER_HP3,RECEIVER_TEL1,RECEIVER_TEL2,RECEIVER_TEL3,DELIVERY_ADDRESS,DELIVERY_METHOD,DELIVERY_MESSAGE,GIFT_WRAPPING,PAY_METHOD,CARD_COM_NAME,CARD_PAY_MONTH,PAY_ORDERER_HP_NUM,DELIVERY_STATE,PAY_ORDER_TIME,ORDERER_HP,GOODS_DELIVERY_PRICE,GOODS_PRICE) values (1115,521,'lee2',504,'이순신','초보 개발자를 위한 자바',2,36000,'초보 개발자 자바 메인 이미지.jpg','이순신','010','5555',' 5555','031','333',' 3333','우편번호:13543<br>도로명 주소:경기 성남시 분당구 대왕판교로 372 (백현동)<br>[지번 주소:경기 성남시 분당구 백현동 472-314]<br>가동112호','일반택배',null,'no','신용카드<br>카드사:삼성<br>할부개월수:일시불','삼성','일시불','해당없음','finished_delivering',to_date('25/08/27','RR/MM/DD'),'010-5555- 5555',null,40000);
Insert into T_SHOPPING_ORDER (ORDER_SEQ_NUM,ORDER_ID,MEMBER_ID,GOODS_ID,ORDERER_NAME,GOODS_TITLE,ORDER_GOODS_QTY,GOODS_SALES_PRICE,GOODS_FILENAME,RECEIVER_NAME,RECEIVER_HP1,RECEIVER_HP2,RECEIVER_HP3,RECEIVER_TEL1,RECEIVER_TEL2,RECEIVER_TEL3,DELIVERY_ADDRESS,DELIVERY_METHOD,DELIVERY_MESSAGE,GIFT_WRAPPING,PAY_METHOD,CARD_COM_NAME,CARD_PAY_MONTH,PAY_ORDERER_HP_NUM,DELIVERY_STATE,PAY_ORDER_TIME,ORDERER_HP,GOODS_DELIVERY_PRICE,GOODS_PRICE) values (1140,526,'lee2',504,'이순신','초보 개발자를 위한 자바',1,36000,'초보 개발자 자바 메인 이미지.jpg','이순신','010','5555',' 5555','031','333',' 3333','우편번호:13543<br>도로명 주소:경기 성남시 분당구 대왕판교로 372 (백현동)<br>[지번 주소:경기 성남시 분당구 백현동 472-314]<br>가동112호','일반택배',null,'no','신용카드<br>카드사:삼성<br>할부개월수:일시불','삼성','일시불','해당없음','delivery_prepared',to_date('25/09/05','RR/MM/DD'),'010-5555- 5555',null,40000);
Insert into T_SHOPPING_ORDER (ORDER_SEQ_NUM,ORDER_ID,MEMBER_ID,GOODS_ID,ORDERER_NAME,GOODS_TITLE,ORDER_GOODS_QTY,GOODS_SALES_PRICE,GOODS_FILENAME,RECEIVER_NAME,RECEIVER_HP1,RECEIVER_HP2,RECEIVER_HP3,RECEIVER_TEL1,RECEIVER_TEL2,RECEIVER_TEL3,DELIVERY_ADDRESS,DELIVERY_METHOD,DELIVERY_MESSAGE,GIFT_WRAPPING,PAY_METHOD,CARD_COM_NAME,CARD_PAY_MONTH,PAY_ORDERER_HP_NUM,DELIVERY_STATE,PAY_ORDER_TIME,ORDERER_HP,GOODS_DELIVERY_PRICE,GOODS_PRICE) values (1141,527,'lee2',480,'이순신','자바 웹을 다루는 기술',1,40500,'자바웹 메인이미지.jpg','이순신','010','5555',' 5555','031','333',' 3333','우편번호:13543<br>도로명 주소:경기 성남시 분당구 대왕판교로 372 (백현동)<br>[지번 주소:경기 성남시 분당구 백현동 472-314]<br>가동112호','일반택배',null,'no','신용카드<br>카드사:삼성<br>할부개월수:일시불','삼성','일시불','해당없음','delivery_prepared',to_date('25/09/05','RR/MM/DD'),'010-5555- 5555',null,45000);
Insert into T_SHOPPING_ORDER (ORDER_SEQ_NUM,ORDER_ID,MEMBER_ID,GOODS_ID,ORDERER_NAME,GOODS_TITLE,ORDER_GOODS_QTY,GOODS_SALES_PRICE,GOODS_FILENAME,RECEIVER_NAME,RECEIVER_HP1,RECEIVER_HP2,RECEIVER_HP3,RECEIVER_TEL1,RECEIVER_TEL2,RECEIVER_TEL3,DELIVERY_ADDRESS,DELIVERY_METHOD,DELIVERY_MESSAGE,GIFT_WRAPPING,PAY_METHOD,CARD_COM_NAME,CARD_PAY_MONTH,PAY_ORDERER_HP_NUM,DELIVERY_STATE,PAY_ORDER_TIME,ORDERER_HP,GOODS_DELIVERY_PRICE,GOODS_PRICE) values (1142,528,'lee2',504,'이순신','초보 개발자를 위한 자바',2,36000,'초보 개발자 자바 메인 이미지.jpg','이순신','010','5555',' 5555','031','333',' 3333','우편번호:13543<br>도로명 주소:경기 성남시 분당구 대왕판교로 372 (백현동)<br>[지번 주소:경기 성남시 분당구 백현동 472-314]<br>가동112호','일반택배',null,'no','신용카드<br>카드사:삼성<br>할부개월수:일시불','삼성','일시불','해당없음','delivery_prepared',to_date('25/09/05','RR/MM/DD'),'010-5555- 5555',null,40000);
Insert into T_SHOPPING_ORDER (ORDER_SEQ_NUM,ORDER_ID,MEMBER_ID,GOODS_ID,ORDERER_NAME,GOODS_TITLE,ORDER_GOODS_QTY,GOODS_SALES_PRICE,GOODS_FILENAME,RECEIVER_NAME,RECEIVER_HP1,RECEIVER_HP2,RECEIVER_HP3,RECEIVER_TEL1,RECEIVER_TEL2,RECEIVER_TEL3,DELIVERY_ADDRESS,DELIVERY_METHOD,DELIVERY_MESSAGE,GIFT_WRAPPING,PAY_METHOD,CARD_COM_NAME,CARD_PAY_MONTH,PAY_ORDERER_HP_NUM,DELIVERY_STATE,PAY_ORDER_TIME,ORDERER_HP,GOODS_DELIVERY_PRICE,GOODS_PRICE) values (1120,522,'lee2',504,'이순신','초보 개발자를 위한 자바',1,36000,'초보 개발자 자바 메인 이미지.jpg','이순신','010','5555',' 5555','031','333',' 3333','우편번호:13543<br>도로명 주소:경기 성남시 분당구 대왕판교로 372 (백현동)<br>[지번 주소:경기 성남시 분당구 백현동 472-314]<br>가동112호','일반택배',null,'no','신용카드<br>카드사:삼성<br>할부개월수:일시불','삼성','일시불','해당없음','delivery_prepared',to_date('25/08/28','RR/MM/DD'),'010-5555- 5555',null,40000);
Insert into T_SHOPPING_ORDER (ORDER_SEQ_NUM,ORDER_ID,MEMBER_ID,GOODS_ID,ORDERER_NAME,GOODS_TITLE,ORDER_GOODS_QTY,GOODS_SALES_PRICE,GOODS_FILENAME,RECEIVER_NAME,RECEIVER_HP1,RECEIVER_HP2,RECEIVER_HP3,RECEIVER_TEL1,RECEIVER_TEL2,RECEIVER_TEL3,DELIVERY_ADDRESS,DELIVERY_METHOD,DELIVERY_MESSAGE,GIFT_WRAPPING,PAY_METHOD,CARD_COM_NAME,CARD_PAY_MONTH,PAY_ORDERER_HP_NUM,DELIVERY_STATE,PAY_ORDER_TIME,ORDERER_HP,GOODS_DELIVERY_PRICE,GOODS_PRICE) values (1121,523,'lee2',480,'이순신','자바 웹을 다루는 기술',1,40500,'자바웹 메인이미지.jpg','이순신','010','5555',' 5555','031','333',' 3333','우편번호:13543<br>도로명 주소:경기 성남시 분당구 대왕판교로 372 (백현동)<br>[지번 주소:경기 성남시 분당구 백현동 472-314]<br>가동112호','일반택배',null,'no','신용카드<br>카드사:삼성<br>할부개월수:일시불','삼성','일시불','해당없음','cancel_order',to_date('25/08/28','RR/MM/DD'),'010-5555- 5555',null,45000);
Insert into T_SHOPPING_ORDER (ORDER_SEQ_NUM,ORDER_ID,MEMBER_ID,GOODS_ID,ORDERER_NAME,GOODS_TITLE,ORDER_GOODS_QTY,GOODS_SALES_PRICE,GOODS_FILENAME,RECEIVER_NAME,RECEIVER_HP1,RECEIVER_HP2,RECEIVER_HP3,RECEIVER_TEL1,RECEIVER_TEL2,RECEIVER_TEL3,DELIVERY_ADDRESS,DELIVERY_METHOD,DELIVERY_MESSAGE,GIFT_WRAPPING,PAY_METHOD,CARD_COM_NAME,CARD_PAY_MONTH,PAY_ORDERER_HP_NUM,DELIVERY_STATE,PAY_ORDER_TIME,ORDERER_HP,GOODS_DELIVERY_PRICE,GOODS_PRICE) values (1122,523,'lee2',395,'이순신','모두의 파이썬',2,10800,'image2.jpg','이순신','010','5555',' 5555','031','333',' 3333','우편번호:13543<br>도로명 주소:경기 성남시 분당구 대왕판교로 372 (백현동)<br>[지번 주소:경기 성남시 분당구 백현동 472-314]<br>가동112호','일반택배',null,'no','신용카드<br>카드사:삼성<br>할부개월수:일시불','삼성','일시불','해당없음','cancel_order',to_date('25/08/28','RR/MM/DD'),'010-5555- 5555',null,12000);
Insert into T_SHOPPING_ORDER (ORDER_SEQ_NUM,ORDER_ID,MEMBER_ID,GOODS_ID,ORDERER_NAME,GOODS_TITLE,ORDER_GOODS_QTY,GOODS_SALES_PRICE,GOODS_FILENAME,RECEIVER_NAME,RECEIVER_HP1,RECEIVER_HP2,RECEIVER_HP3,RECEIVER_TEL1,RECEIVER_TEL2,RECEIVER_TEL3,DELIVERY_ADDRESS,DELIVERY_METHOD,DELIVERY_MESSAGE,GIFT_WRAPPING,PAY_METHOD,CARD_COM_NAME,CARD_PAY_MONTH,PAY_ORDERER_HP_NUM,DELIVERY_STATE,PAY_ORDER_TIME,ORDERER_HP,GOODS_DELIVERY_PRICE,GOODS_PRICE) values (1123,524,'lee2',480,'이순신','자바 웹을 다루는 기술',1,40500,'자바웹 메인이미지.jpg','이순신','010','5555',' 5555','031','333',' 3333','우편번호:13543<br>도로명 주소:경기 성남시 분당구 대왕판교로 372 (백현동)<br>[지번 주소:경기 성남시 분당구 백현동 472-314]<br>가동112호','일반택배',null,'no','신용카드<br>카드사:삼성<br>할부개월수:일시불','삼성','일시불','해당없음','delivering',to_date('25/08/28','RR/MM/DD'),'010-5555- 5555',null,45000);
Insert into T_SHOPPING_ORDER (ORDER_SEQ_NUM,ORDER_ID,MEMBER_ID,GOODS_ID,ORDERER_NAME,GOODS_TITLE,ORDER_GOODS_QTY,GOODS_SALES_PRICE,GOODS_FILENAME,RECEIVER_NAME,RECEIVER_HP1,RECEIVER_HP2,RECEIVER_HP3,RECEIVER_TEL1,RECEIVER_TEL2,RECEIVER_TEL3,DELIVERY_ADDRESS,DELIVERY_METHOD,DELIVERY_MESSAGE,GIFT_WRAPPING,PAY_METHOD,CARD_COM_NAME,CARD_PAY_MONTH,PAY_ORDERER_HP_NUM,DELIVERY_STATE,PAY_ORDER_TIME,ORDERER_HP,GOODS_DELIVERY_PRICE,GOODS_PRICE) values (1124,524,'lee2',395,'이순신','모두의 파이썬',2,10800,'image2.jpg','이순신','010','5555',' 5555','031','333',' 3333','우편번호:13543<br>도로명 주소:경기 성남시 분당구 대왕판교로 372 (백현동)<br>[지번 주소:경기 성남시 분당구 백현동 472-314]<br>가동112호','일반택배',null,'no','신용카드<br>카드사:삼성<br>할부개월수:일시불','삼성','일시불','해당없음','delivering',to_date('25/08/28','RR/MM/DD'),'010-5555- 5555',null,12000);
Insert into T_SHOPPING_ORDER (ORDER_SEQ_NUM,ORDER_ID,MEMBER_ID,GOODS_ID,ORDERER_NAME,GOODS_TITLE,ORDER_GOODS_QTY,GOODS_SALES_PRICE,GOODS_FILENAME,RECEIVER_NAME,RECEIVER_HP1,RECEIVER_HP2,RECEIVER_HP3,RECEIVER_TEL1,RECEIVER_TEL2,RECEIVER_TEL3,DELIVERY_ADDRESS,DELIVERY_METHOD,DELIVERY_MESSAGE,GIFT_WRAPPING,PAY_METHOD,CARD_COM_NAME,CARD_PAY_MONTH,PAY_ORDERER_HP_NUM,DELIVERY_STATE,PAY_ORDER_TIME,ORDERER_HP,GOODS_DELIVERY_PRICE,GOODS_PRICE) values (1125,525,'lee2',394,'이순신','무작정 따라가기 홍콩 마카오',1,27000,'무작정 따라가기 홍콩 마카오.jpg','이순신','010','5555',' 5555','031','333',' 3333','우편번호:13529<br>도로명 주소:경기 성남시 분당구 판교역로146번길 8 (백현동)<br>[지번 주소:경기 성남시 분당구 백현동 539]<br>드립 아파트 가동112호','일반택배','부재 시 문앞에 놓아두세요.','yes','신용카드<br>카드사:하나SK<br>할부개월수:일시불','하나SK','일시불','해당없음','delivering',to_date('25/08/28','RR/MM/DD'),'010-5555- 5555',null,30000);
Insert into T_SHOPPING_ORDER (ORDER_SEQ_NUM,ORDER_ID,MEMBER_ID,GOODS_ID,ORDERER_NAME,GOODS_TITLE,ORDER_GOODS_QTY,GOODS_SALES_PRICE,GOODS_FILENAME,RECEIVER_NAME,RECEIVER_HP1,RECEIVER_HP2,RECEIVER_HP3,RECEIVER_TEL1,RECEIVER_TEL2,RECEIVER_TEL3,DELIVERY_ADDRESS,DELIVERY_METHOD,DELIVERY_MESSAGE,GIFT_WRAPPING,PAY_METHOD,CARD_COM_NAME,CARD_PAY_MONTH,PAY_ORDERER_HP_NUM,DELIVERY_STATE,PAY_ORDER_TIME,ORDERER_HP,GOODS_DELIVERY_PRICE,GOODS_PRICE) values (1020,499,'lee2',472,'이순신','초보 개발자를 위한 자바',1,34000,'초보 개발자 자바 메인 이미지.jpg','이순신','010','1111','2222','02','2222',' 2323','우편번호:04533<br>도로명 주소:서울 중구 을지로 6 (을지로1가)<br>[지번 주소:서울 중구 을지로1가 192-11]<br>가동112호','일반택배',null,'no','신용카드<br>카드사:삼성<br>할부개월수:일시불','삼성','일시불','해당없음','delivery_prepared',to_date('25/08/23','RR/MM/DD'),'010-1111-2222',null,40000);
Insert into T_SHOPPING_ORDER (ORDER_SEQ_NUM,ORDER_ID,MEMBER_ID,GOODS_ID,ORDERER_NAME,GOODS_TITLE,ORDER_GOODS_QTY,GOODS_SALES_PRICE,GOODS_FILENAME,RECEIVER_NAME,RECEIVER_HP1,RECEIVER_HP2,RECEIVER_HP3,RECEIVER_TEL1,RECEIVER_TEL2,RECEIVER_TEL3,DELIVERY_ADDRESS,DELIVERY_METHOD,DELIVERY_MESSAGE,GIFT_WRAPPING,PAY_METHOD,CARD_COM_NAME,CARD_PAY_MONTH,PAY_ORDERER_HP_NUM,DELIVERY_STATE,PAY_ORDER_TIME,ORDERER_HP,GOODS_DELIVERY_PRICE,GOODS_PRICE) values (1021,500,'lee2',480,'이순신','자바 웹을 다루는 기술',1,40500,'자바웹 메인이미지.jpg','이순신','010','1111','2222','02','2222',' 2323','우편번호:04533<br>도로명 주소:서울 중구 을지로 6 (을지로1가)<br>[지번 주소:서울 중구 을지로1가 192-11]<br>가동112호','일반택배',null,'no','신용카드<br>카드사:삼성<br>할부개월수:일시불','삼성','일시불','해당없음','delivery_prepared',to_date('25/08/23','RR/MM/DD'),'010-1111-2222',null,45000);
Insert into T_SHOPPING_ORDER (ORDER_SEQ_NUM,ORDER_ID,MEMBER_ID,GOODS_ID,ORDERER_NAME,GOODS_TITLE,ORDER_GOODS_QTY,GOODS_SALES_PRICE,GOODS_FILENAME,RECEIVER_NAME,RECEIVER_HP1,RECEIVER_HP2,RECEIVER_HP3,RECEIVER_TEL1,RECEIVER_TEL2,RECEIVER_TEL3,DELIVERY_ADDRESS,DELIVERY_METHOD,DELIVERY_MESSAGE,GIFT_WRAPPING,PAY_METHOD,CARD_COM_NAME,CARD_PAY_MONTH,PAY_ORDERER_HP_NUM,DELIVERY_STATE,PAY_ORDER_TIME,ORDERER_HP,GOODS_DELIVERY_PRICE,GOODS_PRICE) values (1022,501,'lee2',480,'이순신','자바 웹을 다루는 기술',1,40500,'자바웹 메인이미지.jpg','이순신','010','1111','2222','02','2222',' 2323','우편번호:04533<br>도로명 주소:서울 중구 을지로 6 (을지로1가)<br>[지번 주소:서울 중구 을지로1가 192-11]<br>가동112호','일반택배',null,'no','신용카드<br>카드사:삼성<br>할부개월수:일시불','삼성','일시불','해당없음','cancel_order',to_date('25/08/23','RR/MM/DD'),'010-1111-2222',null,45000);
Insert into T_SHOPPING_ORDER (ORDER_SEQ_NUM,ORDER_ID,MEMBER_ID,GOODS_ID,ORDERER_NAME,GOODS_TITLE,ORDER_GOODS_QTY,GOODS_SALES_PRICE,GOODS_FILENAME,RECEIVER_NAME,RECEIVER_HP1,RECEIVER_HP2,RECEIVER_HP3,RECEIVER_TEL1,RECEIVER_TEL2,RECEIVER_TEL3,DELIVERY_ADDRESS,DELIVERY_METHOD,DELIVERY_MESSAGE,GIFT_WRAPPING,PAY_METHOD,CARD_COM_NAME,CARD_PAY_MONTH,PAY_ORDERER_HP_NUM,DELIVERY_STATE,PAY_ORDER_TIME,ORDERER_HP,GOODS_DELIVERY_PRICE,GOODS_PRICE) values (1023,502,'lee2',480,'이순신','자바 웹을 다루는 기술',1,40500,'자바웹 메인이미지.jpg','이순신','010','1111','2222','02','2222',' 2323','우편번호:04533<br>도로명 주소:서울 중구 을지로 6 (을지로1가)<br>[지번 주소:서울 중구 을지로1가 192-11]<br>가동112호','일반택배',null,'no','신용카드<br>카드사:삼성<br>할부개월수:일시불','삼성','일시불','해당없음','delivery_prepared',to_date('25/08/23','RR/MM/DD'),'010-1111-2222',null,45000);
Insert into T_SHOPPING_ORDER (ORDER_SEQ_NUM,ORDER_ID,MEMBER_ID,GOODS_ID,ORDERER_NAME,GOODS_TITLE,ORDER_GOODS_QTY,GOODS_SALES_PRICE,GOODS_FILENAME,RECEIVER_NAME,RECEIVER_HP1,RECEIVER_HP2,RECEIVER_HP3,RECEIVER_TEL1,RECEIVER_TEL2,RECEIVER_TEL3,DELIVERY_ADDRESS,DELIVERY_METHOD,DELIVERY_MESSAGE,GIFT_WRAPPING,PAY_METHOD,CARD_COM_NAME,CARD_PAY_MONTH,PAY_ORDERER_HP_NUM,DELIVERY_STATE,PAY_ORDER_TIME,ORDERER_HP,GOODS_DELIVERY_PRICE,GOODS_PRICE) values (1024,502,'lee2',472,'이순신','초보 개발자를 위한 자바',1,36000,'초보 개발자 자바 메인 이미지.jpg','이순신','010','1111','2222','02','2222',' 2323','우편번호:04533<br>도로명 주소:서울 중구 을지로 6 (을지로1가)<br>[지번 주소:서울 중구 을지로1가 192-11]<br>가동112호','일반택배',null,'no','신용카드<br>카드사:삼성<br>할부개월수:일시불','삼성','일시불','해당없음','delivery_prepared',to_date('25/08/23','RR/MM/DD'),'010-1111-2222',null,40000);
Insert into T_SHOPPING_ORDER (ORDER_SEQ_NUM,ORDER_ID,MEMBER_ID,GOODS_ID,ORDERER_NAME,GOODS_TITLE,ORDER_GOODS_QTY,GOODS_SALES_PRICE,GOODS_FILENAME,RECEIVER_NAME,RECEIVER_HP1,RECEIVER_HP2,RECEIVER_HP3,RECEIVER_TEL1,RECEIVER_TEL2,RECEIVER_TEL3,DELIVERY_ADDRESS,DELIVERY_METHOD,DELIVERY_MESSAGE,GIFT_WRAPPING,PAY_METHOD,CARD_COM_NAME,CARD_PAY_MONTH,PAY_ORDERER_HP_NUM,DELIVERY_STATE,PAY_ORDER_TIME,ORDERER_HP,GOODS_DELIVERY_PRICE,GOODS_PRICE) values (1040,503,'lee2',472,'이순신','초보 개발자를 위한 자바',1,36000,'초보 개발자 자바 메인 이미지.jpg','이순신','010','1111','2222','02','2222',' 2323','우편번호:04533<br>도로명 주소:서울 중구 을지로 6 (을지로1가)<br>[지번 주소:서울 중구 을지로1가 192-11]<br>가동112호','일반택배',null,'no','신용카드<br>카드사:삼성<br>할부개월수:일시불','삼성','일시불','해당없음','cancel_order',to_date('25/08/23','RR/MM/DD'),'010-1111-2222',null,40000);
Insert into T_SHOPPING_ORDER (ORDER_SEQ_NUM,ORDER_ID,MEMBER_ID,GOODS_ID,ORDERER_NAME,GOODS_TITLE,ORDER_GOODS_QTY,GOODS_SALES_PRICE,GOODS_FILENAME,RECEIVER_NAME,RECEIVER_HP1,RECEIVER_HP2,RECEIVER_HP3,RECEIVER_TEL1,RECEIVER_TEL2,RECEIVER_TEL3,DELIVERY_ADDRESS,DELIVERY_METHOD,DELIVERY_MESSAGE,GIFT_WRAPPING,PAY_METHOD,CARD_COM_NAME,CARD_PAY_MONTH,PAY_ORDERER_HP_NUM,DELIVERY_STATE,PAY_ORDER_TIME,ORDERER_HP,GOODS_DELIVERY_PRICE,GOODS_PRICE) values (1062,506,'lee2',480,'이순신','자바 웹을 다루는 기술',1,40500,'자바웹 메인이미지.jpg','이순신','010','5555',' 5555','031','333',' 3333','우편번호:13543<br>도로명 주소:경기 성남시 분당구 대왕판교로 372 (백현동)<br>[지번 주소:경기 성남시 분당구 백현동 472-314]<br>가동112호','일반택배',null,'no','신용카드<br>카드사:삼성<br>할부개월수:일시불','삼성','일시불','해당없음','delivery_prepared',to_date('25/08/25','RR/MM/DD'),'010-5555- 5555',null,45000);
Insert into T_SHOPPING_ORDER (ORDER_SEQ_NUM,ORDER_ID,MEMBER_ID,GOODS_ID,ORDERER_NAME,GOODS_TITLE,ORDER_GOODS_QTY,GOODS_SALES_PRICE,GOODS_FILENAME,RECEIVER_NAME,RECEIVER_HP1,RECEIVER_HP2,RECEIVER_HP3,RECEIVER_TEL1,RECEIVER_TEL2,RECEIVER_TEL3,DELIVERY_ADDRESS,DELIVERY_METHOD,DELIVERY_MESSAGE,GIFT_WRAPPING,PAY_METHOD,CARD_COM_NAME,CARD_PAY_MONTH,PAY_ORDERER_HP_NUM,DELIVERY_STATE,PAY_ORDER_TIME,ORDERER_HP,GOODS_DELIVERY_PRICE,GOODS_PRICE) values (1006,497,'lee2',480,'이순신','자바 웹을 다루는 기술',3,40500,'자바웹 메인이미지.jpg','이순신','010','1111','2222','02','2222',' 2323','우편번호:04533<br>도로명 주소:서울 중구 을지로 6 (을지로1가)<br>[지번 주소:서울 중구 을지로1가 192-11]<br>가동112호','일반택배',null,'no','신용카드<br>카드사:삼성<br>할부개월수:일시불','삼성','일시불','해당없음','delivery_prepared',to_date('25/08/22','RR/MM/DD'),'010-1111-2222',null,45000);
Insert into T_SHOPPING_ORDER (ORDER_SEQ_NUM,ORDER_ID,MEMBER_ID,GOODS_ID,ORDERER_NAME,GOODS_TITLE,ORDER_GOODS_QTY,GOODS_SALES_PRICE,GOODS_FILENAME,RECEIVER_NAME,RECEIVER_HP1,RECEIVER_HP2,RECEIVER_HP3,RECEIVER_TEL1,RECEIVER_TEL2,RECEIVER_TEL3,DELIVERY_ADDRESS,DELIVERY_METHOD,DELIVERY_MESSAGE,GIFT_WRAPPING,PAY_METHOD,CARD_COM_NAME,CARD_PAY_MONTH,PAY_ORDERER_HP_NUM,DELIVERY_STATE,PAY_ORDER_TIME,ORDERER_HP,GOODS_DELIVERY_PRICE,GOODS_PRICE) values (1060,504,'lee2',472,'이순신','초보 개발자를 위한 자바',1,36000,'초보 개발자 자바 메인 이미지.jpg','이순신','010','5555',' 5555','031','333',' 3333','우편번호:13543<br>도로명 주소:경기 성남시 분당구 대왕판교로 372 (백현동)<br>[지번 주소:경기 성남시 분당구 백현동 472-314]<br>가동112호','일반택배',null,'yes','신용카드<br>카드사:삼성<br>할부개월수:일시불','삼성','일시불','해당없음','delivery_prepared',to_date('25/08/25','RR/MM/DD'),'010-5555- 5555',null,40000);
Insert into T_SHOPPING_ORDER (ORDER_SEQ_NUM,ORDER_ID,MEMBER_ID,GOODS_ID,ORDERER_NAME,GOODS_TITLE,ORDER_GOODS_QTY,GOODS_SALES_PRICE,GOODS_FILENAME,RECEIVER_NAME,RECEIVER_HP1,RECEIVER_HP2,RECEIVER_HP3,RECEIVER_TEL1,RECEIVER_TEL2,RECEIVER_TEL3,DELIVERY_ADDRESS,DELIVERY_METHOD,DELIVERY_MESSAGE,GIFT_WRAPPING,PAY_METHOD,CARD_COM_NAME,CARD_PAY_MONTH,PAY_ORDERER_HP_NUM,DELIVERY_STATE,PAY_ORDER_TIME,ORDERER_HP,GOODS_DELIVERY_PRICE,GOODS_PRICE) values (1061,505,'lee2',480,'이순신','자바 웹을 다루는 기술',1,40500,'자바웹 메인이미지.jpg','이순신','010','5555',' 5555','031','333',' 3333','우편번호:13543<br>도로명 주소:경기 성남시 분당구 대왕판교로 372 (백현동)<br>[지번 주소:경기 성남시 분당구 백현동 472-314]<br>가동112호','일반택배',null,'no','신용카드<br>카드사:삼성<br>할부개월수:일시불','삼성','일시불','해당없음','delivery_prepared',to_date('25/08/25','RR/MM/DD'),'010-5555- 5555',null,45000);
Insert into T_SHOPPING_ORDER (ORDER_SEQ_NUM,ORDER_ID,MEMBER_ID,GOODS_ID,ORDERER_NAME,GOODS_TITLE,ORDER_GOODS_QTY,GOODS_SALES_PRICE,GOODS_FILENAME,RECEIVER_NAME,RECEIVER_HP1,RECEIVER_HP2,RECEIVER_HP3,RECEIVER_TEL1,RECEIVER_TEL2,RECEIVER_TEL3,DELIVERY_ADDRESS,DELIVERY_METHOD,DELIVERY_MESSAGE,GIFT_WRAPPING,PAY_METHOD,CARD_COM_NAME,CARD_PAY_MONTH,PAY_ORDERER_HP_NUM,DELIVERY_STATE,PAY_ORDER_TIME,ORDERER_HP,GOODS_DELIVERY_PRICE,GOODS_PRICE) values (1063,507,'lee2',480,'이순신','자바 웹을 다루는 기술',1,40500,'자바웹 메인이미지.jpg','이순신','010','5555',' 5555','031','333',' 3333','우편번호:13543<br>도로명 주소:경기 성남시 분당구 대왕판교로 372 (백현동)<br>[지번 주소:경기 성남시 분당구 백현동 472-314]<br>가동112호','일반택배','감사합니다!!!','no','신용카드<br>카드사:삼성<br>할부개월수:일시불','삼성','일시불','해당없음','delivery_prepared',to_date('25/08/25','RR/MM/DD'),'010-5555- 5555',null,45000);
Insert into T_SHOPPING_ORDER (ORDER_SEQ_NUM,ORDER_ID,MEMBER_ID,GOODS_ID,ORDERER_NAME,GOODS_TITLE,ORDER_GOODS_QTY,GOODS_SALES_PRICE,GOODS_FILENAME,RECEIVER_NAME,RECEIVER_HP1,RECEIVER_HP2,RECEIVER_HP3,RECEIVER_TEL1,RECEIVER_TEL2,RECEIVER_TEL3,DELIVERY_ADDRESS,DELIVERY_METHOD,DELIVERY_MESSAGE,GIFT_WRAPPING,PAY_METHOD,CARD_COM_NAME,CARD_PAY_MONTH,PAY_ORDERER_HP_NUM,DELIVERY_STATE,PAY_ORDER_TIME,ORDERER_HP,GOODS_DELIVERY_PRICE,GOODS_PRICE) values (1064,508,'lee2',480,'이순신','자바 웹을 다루는 기술',1,40500,'자바웹 메인이미지.jpg','이순신','010','5555',' 5555','031','333',' 3333','우편번호:13543<br>도로명 주소:경기 성남시 분당구 대왕판교로 372 (백현동)<br>[지번 주소:경기 성남시 분당구 백현동 472-314]<br>가동112호','일반택배','감사합니다!!!','no','신용카드<br>카드사:삼성<br>할부개월수:일시불','삼성','일시불','해당없음','delivery_prepared',to_date('25/08/25','RR/MM/DD'),'010-5555- 5555',null,45000);
Insert into T_SHOPPING_ORDER (ORDER_SEQ_NUM,ORDER_ID,MEMBER_ID,GOODS_ID,ORDERER_NAME,GOODS_TITLE,ORDER_GOODS_QTY,GOODS_SALES_PRICE,GOODS_FILENAME,RECEIVER_NAME,RECEIVER_HP1,RECEIVER_HP2,RECEIVER_HP3,RECEIVER_TEL1,RECEIVER_TEL2,RECEIVER_TEL3,DELIVERY_ADDRESS,DELIVERY_METHOD,DELIVERY_MESSAGE,GIFT_WRAPPING,PAY_METHOD,CARD_COM_NAME,CARD_PAY_MONTH,PAY_ORDERER_HP_NUM,DELIVERY_STATE,PAY_ORDER_TIME,ORDERER_HP,GOODS_DELIVERY_PRICE,GOODS_PRICE) values (1065,509,'lee2',480,'이순신','자바 웹을 다루는 기술',1,40500,'자바웹 메인이미지.jpg','이순신','010','5555',' 5555','031','333',' 3333','우편번호:13543<br>도로명 주소:경기 성남시 분당구 대왕판교로 372 (백현동)<br>[지번 주소:경기 성남시 분당구 백현동 472-314]<br>가동112호','일반택배','감사합니다!!!','no','신용카드<br>카드사:삼성<br>할부개월수:일시불','삼성','일시불','해당없음','delivery_prepared',to_date('25/08/25','RR/MM/DD'),'010-5555- 5555',null,45000);
Insert into T_SHOPPING_ORDER (ORDER_SEQ_NUM,ORDER_ID,MEMBER_ID,GOODS_ID,ORDERER_NAME,GOODS_TITLE,ORDER_GOODS_QTY,GOODS_SALES_PRICE,GOODS_FILENAME,RECEIVER_NAME,RECEIVER_HP1,RECEIVER_HP2,RECEIVER_HP3,RECEIVER_TEL1,RECEIVER_TEL2,RECEIVER_TEL3,DELIVERY_ADDRESS,DELIVERY_METHOD,DELIVERY_MESSAGE,GIFT_WRAPPING,PAY_METHOD,CARD_COM_NAME,CARD_PAY_MONTH,PAY_ORDERER_HP_NUM,DELIVERY_STATE,PAY_ORDER_TIME,ORDERER_HP,GOODS_DELIVERY_PRICE,GOODS_PRICE) values (1066,510,'lee2',480,'이순신','자바 웹을 다루는 기술',1,40500,'자바웹 메인이미지.jpg','이순신','010','5555',' 5555','031','333',' 3333','우편번호:13543<br>도로명 주소:경기 성남시 분당구 대왕판교로 372 (백현동)<br>[지번 주소:경기 성남시 분당구 백현동 472-314]<br>가동112호','일반택배','감사합니다!!!','no','신용카드<br>카드사:삼성<br>할부개월수:일시불','삼성','일시불','해당없음','delivery_prepared',to_date('25/08/25','RR/MM/DD'),'010-5555- 5555',null,45000);
Insert into T_SHOPPING_ORDER (ORDER_SEQ_NUM,ORDER_ID,MEMBER_ID,GOODS_ID,ORDERER_NAME,GOODS_TITLE,ORDER_GOODS_QTY,GOODS_SALES_PRICE,GOODS_FILENAME,RECEIVER_NAME,RECEIVER_HP1,RECEIVER_HP2,RECEIVER_HP3,RECEIVER_TEL1,RECEIVER_TEL2,RECEIVER_TEL3,DELIVERY_ADDRESS,DELIVERY_METHOD,DELIVERY_MESSAGE,GIFT_WRAPPING,PAY_METHOD,CARD_COM_NAME,CARD_PAY_MONTH,PAY_ORDERER_HP_NUM,DELIVERY_STATE,PAY_ORDER_TIME,ORDERER_HP,GOODS_DELIVERY_PRICE,GOODS_PRICE) values (1067,511,'lee2',480,'이순신','자바 웹을 다루는 기술',1,40500,'자바웹 메인이미지.jpg','이순신','010','5555',' 5555','031','333',' 3333','우편번호:13543<br>도로명 주소:경기 성남시 분당구 대왕판교로 372 (백현동)<br>[지번 주소:경기 성남시 분당구 백현동 472-314]<br>가동112호','일반택배',null,'no','신용카드<br>카드사:삼성<br>할부개월수:일시불','삼성','일시불','해당없음','delivery_prepared',to_date('25/08/25','RR/MM/DD'),'010-5555- 5555',null,45000);
Insert into T_SHOPPING_ORDER (ORDER_SEQ_NUM,ORDER_ID,MEMBER_ID,GOODS_ID,ORDERER_NAME,GOODS_TITLE,ORDER_GOODS_QTY,GOODS_SALES_PRICE,GOODS_FILENAME,RECEIVER_NAME,RECEIVER_HP1,RECEIVER_HP2,RECEIVER_HP3,RECEIVER_TEL1,RECEIVER_TEL2,RECEIVER_TEL3,DELIVERY_ADDRESS,DELIVERY_METHOD,DELIVERY_MESSAGE,GIFT_WRAPPING,PAY_METHOD,CARD_COM_NAME,CARD_PAY_MONTH,PAY_ORDERER_HP_NUM,DELIVERY_STATE,PAY_ORDER_TIME,ORDERER_HP,GOODS_DELIVERY_PRICE,GOODS_PRICE) values (1068,511,'lee2',472,'이순신','초보 개발자를 위한 자바',1,36000,'초보 개발자 자바 메인 이미지.jpg','이순신','010','5555',' 5555','031','333',' 3333','우편번호:13543<br>도로명 주소:경기 성남시 분당구 대왕판교로 372 (백현동)<br>[지번 주소:경기 성남시 분당구 백현동 472-314]<br>가동112호','일반택배',null,'no','신용카드<br>카드사:삼성<br>할부개월수:일시불','삼성','일시불','해당없음','delivery_prepared',to_date('25/08/25','RR/MM/DD'),'010-5555- 5555',null,40000);
Insert into T_SHOPPING_ORDER (ORDER_SEQ_NUM,ORDER_ID,MEMBER_ID,GOODS_ID,ORDERER_NAME,GOODS_TITLE,ORDER_GOODS_QTY,GOODS_SALES_PRICE,GOODS_FILENAME,RECEIVER_NAME,RECEIVER_HP1,RECEIVER_HP2,RECEIVER_HP3,RECEIVER_TEL1,RECEIVER_TEL2,RECEIVER_TEL3,DELIVERY_ADDRESS,DELIVERY_METHOD,DELIVERY_MESSAGE,GIFT_WRAPPING,PAY_METHOD,CARD_COM_NAME,CARD_PAY_MONTH,PAY_ORDERER_HP_NUM,DELIVERY_STATE,PAY_ORDER_TIME,ORDERER_HP,GOODS_DELIVERY_PRICE,GOODS_PRICE) values (1101,514,'lee2',504,'이순신','초보 개발자를 위한 자바',1,36000,'초보 개발자 자바 메인 이미지.jpg','이순신','010','5555',' 5555','031','333',' 3333','우편번호:13543<br>도로명 주소:경기 성남시 분당구 대왕판교로 372 (백현동)<br>[지번 주소:경기 성남시 분당구 백현동 472-314]<br>가동112호','일반택배',null,'no','신용카드<br>카드사:삼성<br>할부개월수:일시불','삼성','일시불','해당없음','delivery_prepared',to_date('25/08/27','RR/MM/DD'),'010-5555- 5555',null,40000);
Insert into T_SHOPPING_ORDER (ORDER_SEQ_NUM,ORDER_ID,MEMBER_ID,GOODS_ID,ORDERER_NAME,GOODS_TITLE,ORDER_GOODS_QTY,GOODS_SALES_PRICE,GOODS_FILENAME,RECEIVER_NAME,RECEIVER_HP1,RECEIVER_HP2,RECEIVER_HP3,RECEIVER_TEL1,RECEIVER_TEL2,RECEIVER_TEL3,DELIVERY_ADDRESS,DELIVERY_METHOD,DELIVERY_MESSAGE,GIFT_WRAPPING,PAY_METHOD,CARD_COM_NAME,CARD_PAY_MONTH,PAY_ORDERER_HP_NUM,DELIVERY_STATE,PAY_ORDER_TIME,ORDERER_HP,GOODS_DELIVERY_PRICE,GOODS_PRICE) values (1102,514,'lee2',480,'이순신','자바 웹을 다루는 기술',2,40500,'자바웹 메인이미지.jpg','이순신','010','5555',' 5555','031','333',' 3333','우편번호:13543<br>도로명 주소:경기 성남시 분당구 대왕판교로 372 (백현동)<br>[지번 주소:경기 성남시 분당구 백현동 472-314]<br>가동112호','일반택배',null,'no','신용카드<br>카드사:삼성<br>할부개월수:일시불','삼성','일시불','해당없음','delivery_prepared',to_date('25/08/27','RR/MM/DD'),'010-5555- 5555',null,45000);
Insert into T_SHOPPING_ORDER (ORDER_SEQ_NUM,ORDER_ID,MEMBER_ID,GOODS_ID,ORDERER_NAME,GOODS_TITLE,ORDER_GOODS_QTY,GOODS_SALES_PRICE,GOODS_FILENAME,RECEIVER_NAME,RECEIVER_HP1,RECEIVER_HP2,RECEIVER_HP3,RECEIVER_TEL1,RECEIVER_TEL2,RECEIVER_TEL3,DELIVERY_ADDRESS,DELIVERY_METHOD,DELIVERY_MESSAGE,GIFT_WRAPPING,PAY_METHOD,CARD_COM_NAME,CARD_PAY_MONTH,PAY_ORDERER_HP_NUM,DELIVERY_STATE,PAY_ORDER_TIME,ORDERER_HP,GOODS_DELIVERY_PRICE,GOODS_PRICE) values (1103,515,'lee2',504,'이순신','초보 개발자를 위한 자바',1,36000,'초보 개발자 자바 메인 이미지.jpg','이순신','010','5555',' 5555','031','333',' 3333','우편번호:13543<br>도로명 주소:경기 성남시 분당구 대왕판교로 372 (백현동)<br>[지번 주소:경기 성남시 분당구 백현동 472-314]<br>가동112호','일반택배',null,'no','신용카드<br>카드사:삼성<br>할부개월수:일시불','삼성','일시불','해당없음','delivery_prepared',to_date('25/08/27','RR/MM/DD'),'010-5555- 5555',null,40000);
Insert into T_SHOPPING_ORDER (ORDER_SEQ_NUM,ORDER_ID,MEMBER_ID,GOODS_ID,ORDERER_NAME,GOODS_TITLE,ORDER_GOODS_QTY,GOODS_SALES_PRICE,GOODS_FILENAME,RECEIVER_NAME,RECEIVER_HP1,RECEIVER_HP2,RECEIVER_HP3,RECEIVER_TEL1,RECEIVER_TEL2,RECEIVER_TEL3,DELIVERY_ADDRESS,DELIVERY_METHOD,DELIVERY_MESSAGE,GIFT_WRAPPING,PAY_METHOD,CARD_COM_NAME,CARD_PAY_MONTH,PAY_ORDERER_HP_NUM,DELIVERY_STATE,PAY_ORDER_TIME,ORDERER_HP,GOODS_DELIVERY_PRICE,GOODS_PRICE) values (1104,515,'lee2',480,'이순신','자바 웹을 다루는 기술',2,40500,'자바웹 메인이미지.jpg','이순신','010','5555',' 5555','031','333',' 3333','우편번호:13543<br>도로명 주소:경기 성남시 분당구 대왕판교로 372 (백현동)<br>[지번 주소:경기 성남시 분당구 백현동 472-314]<br>가동112호','일반택배',null,'no','신용카드<br>카드사:삼성<br>할부개월수:일시불','삼성','일시불','해당없음','delivery_prepared',to_date('25/08/27','RR/MM/DD'),'010-5555- 5555',null,45000);
Insert into T_SHOPPING_ORDER (ORDER_SEQ_NUM,ORDER_ID,MEMBER_ID,GOODS_ID,ORDERER_NAME,GOODS_TITLE,ORDER_GOODS_QTY,GOODS_SALES_PRICE,GOODS_FILENAME,RECEIVER_NAME,RECEIVER_HP1,RECEIVER_HP2,RECEIVER_HP3,RECEIVER_TEL1,RECEIVER_TEL2,RECEIVER_TEL3,DELIVERY_ADDRESS,DELIVERY_METHOD,DELIVERY_MESSAGE,GIFT_WRAPPING,PAY_METHOD,CARD_COM_NAME,CARD_PAY_MONTH,PAY_ORDERER_HP_NUM,DELIVERY_STATE,PAY_ORDER_TIME,ORDERER_HP,GOODS_DELIVERY_PRICE,GOODS_PRICE) values (1105,516,'lee2',504,'이순신','초보 개발자를 위한 자바',1,36000,'초보 개발자 자바 메인 이미지.jpg','이순신','010','5555',' 5555','031','333',' 3333','우편번호:13543<br>도로명 주소:경기 성남시 분당구 대왕판교로 372 (백현동)<br>[지번 주소:경기 성남시 분당구 백현동 472-314]<br>가동112호','일반택배',null,'no','신용카드<br>카드사:삼성<br>할부개월수:일시불','삼성','일시불','해당없음','delivery_prepared',to_date('25/08/27','RR/MM/DD'),'010-5555- 5555',null,40000);
Insert into T_SHOPPING_ORDER (ORDER_SEQ_NUM,ORDER_ID,MEMBER_ID,GOODS_ID,ORDERER_NAME,GOODS_TITLE,ORDER_GOODS_QTY,GOODS_SALES_PRICE,GOODS_FILENAME,RECEIVER_NAME,RECEIVER_HP1,RECEIVER_HP2,RECEIVER_HP3,RECEIVER_TEL1,RECEIVER_TEL2,RECEIVER_TEL3,DELIVERY_ADDRESS,DELIVERY_METHOD,DELIVERY_MESSAGE,GIFT_WRAPPING,PAY_METHOD,CARD_COM_NAME,CARD_PAY_MONTH,PAY_ORDERER_HP_NUM,DELIVERY_STATE,PAY_ORDER_TIME,ORDERER_HP,GOODS_DELIVERY_PRICE,GOODS_PRICE) values (1080,512,'lee2',472,'이순신','초보 개발자를 위한 자바',1,36000,'초보 개발자 자바 메인 이미지.jpg','이순신','010','5555',' 5555','031','555','5555','우편번호:13543<br>도로명 주소:경기 성남시 분당구 대왕판교로 372 (백현동)<br>[지번 주소:경기 성남시 분당구 백현동 472-314]<br>가동112호','일반택배',null,'no','신용카드<br>카드사:삼성<br>할부개월수:일시불','삼성','일시불','해당없음','delivering',to_date('25/08/26','RR/MM/DD'),'010-5555- 5555',null,40000);
Insert into T_SHOPPING_ORDER (ORDER_SEQ_NUM,ORDER_ID,MEMBER_ID,GOODS_ID,ORDERER_NAME,GOODS_TITLE,ORDER_GOODS_QTY,GOODS_SALES_PRICE,GOODS_FILENAME,RECEIVER_NAME,RECEIVER_HP1,RECEIVER_HP2,RECEIVER_HP3,RECEIVER_TEL1,RECEIVER_TEL2,RECEIVER_TEL3,DELIVERY_ADDRESS,DELIVERY_METHOD,DELIVERY_MESSAGE,GIFT_WRAPPING,PAY_METHOD,CARD_COM_NAME,CARD_PAY_MONTH,PAY_ORDERER_HP_NUM,DELIVERY_STATE,PAY_ORDER_TIME,ORDERER_HP,GOODS_DELIVERY_PRICE,GOODS_PRICE) values (1106,516,'lee2',480,'이순신','자바 웹을 다루는 기술',2,40500,'자바웹 메인이미지.jpg','이순신','010','5555',' 5555','031','333',' 3333','우편번호:13543<br>도로명 주소:경기 성남시 분당구 대왕판교로 372 (백현동)<br>[지번 주소:경기 성남시 분당구 백현동 472-314]<br>가동112호','일반택배',null,'no','신용카드<br>카드사:삼성<br>할부개월수:일시불','삼성','일시불','해당없음','delivery_prepared',to_date('25/08/27','RR/MM/DD'),'010-5555- 5555',null,45000);
Insert into T_SHOPPING_ORDER (ORDER_SEQ_NUM,ORDER_ID,MEMBER_ID,GOODS_ID,ORDERER_NAME,GOODS_TITLE,ORDER_GOODS_QTY,GOODS_SALES_PRICE,GOODS_FILENAME,RECEIVER_NAME,RECEIVER_HP1,RECEIVER_HP2,RECEIVER_HP3,RECEIVER_TEL1,RECEIVER_TEL2,RECEIVER_TEL3,DELIVERY_ADDRESS,DELIVERY_METHOD,DELIVERY_MESSAGE,GIFT_WRAPPING,PAY_METHOD,CARD_COM_NAME,CARD_PAY_MONTH,PAY_ORDERER_HP_NUM,DELIVERY_STATE,PAY_ORDER_TIME,ORDERER_HP,GOODS_DELIVERY_PRICE,GOODS_PRICE) values (1107,517,'lee2',504,'이순신','초보 개발자를 위한 자바',1,36000,'초보 개발자 자바 메인 이미지.jpg','이순신','010','5555',' 5555','031','333',' 3333','우편번호:13543<br>도로명 주소:경기 성남시 분당구 대왕판교로 372 (백현동)<br>[지번 주소:경기 성남시 분당구 백현동 472-314]<br>가동112호','일반택배',null,'no','신용카드<br>카드사:삼성<br>할부개월수:일시불','삼성','일시불','해당없음','delivery_prepared',to_date('25/08/27','RR/MM/DD'),'010-5555- 5555',null,40000);
Insert into T_SHOPPING_ORDER (ORDER_SEQ_NUM,ORDER_ID,MEMBER_ID,GOODS_ID,ORDERER_NAME,GOODS_TITLE,ORDER_GOODS_QTY,GOODS_SALES_PRICE,GOODS_FILENAME,RECEIVER_NAME,RECEIVER_HP1,RECEIVER_HP2,RECEIVER_HP3,RECEIVER_TEL1,RECEIVER_TEL2,RECEIVER_TEL3,DELIVERY_ADDRESS,DELIVERY_METHOD,DELIVERY_MESSAGE,GIFT_WRAPPING,PAY_METHOD,CARD_COM_NAME,CARD_PAY_MONTH,PAY_ORDERER_HP_NUM,DELIVERY_STATE,PAY_ORDER_TIME,ORDERER_HP,GOODS_DELIVERY_PRICE,GOODS_PRICE) values (1108,517,'lee2',480,'이순신','자바 웹을 다루는 기술',2,40500,'자바웹 메인이미지.jpg','이순신','010','5555',' 5555','031','333',' 3333','우편번호:13543<br>도로명 주소:경기 성남시 분당구 대왕판교로 372 (백현동)<br>[지번 주소:경기 성남시 분당구 백현동 472-314]<br>가동112호','일반택배',null,'no','신용카드<br>카드사:삼성<br>할부개월수:일시불','삼성','일시불','해당없음','delivery_prepared',to_date('25/08/27','RR/MM/DD'),'010-5555- 5555',null,45000);
Insert into T_SHOPPING_ORDER (ORDER_SEQ_NUM,ORDER_ID,MEMBER_ID,GOODS_ID,ORDERER_NAME,GOODS_TITLE,ORDER_GOODS_QTY,GOODS_SALES_PRICE,GOODS_FILENAME,RECEIVER_NAME,RECEIVER_HP1,RECEIVER_HP2,RECEIVER_HP3,RECEIVER_TEL1,RECEIVER_TEL2,RECEIVER_TEL3,DELIVERY_ADDRESS,DELIVERY_METHOD,DELIVERY_MESSAGE,GIFT_WRAPPING,PAY_METHOD,CARD_COM_NAME,CARD_PAY_MONTH,PAY_ORDERER_HP_NUM,DELIVERY_STATE,PAY_ORDER_TIME,ORDERER_HP,GOODS_DELIVERY_PRICE,GOODS_PRICE) values (1109,518,'lee2',504,'이순신','초보 개발자를 위한 자바',1,36000,'초보 개발자 자바 메인 이미지.jpg','이순신','010','5555',' 5555','031','333',' 3333','우편번호:13543<br>도로명 주소:경기 성남시 분당구 대왕판교로 372 (백현동)<br>[지번 주소:경기 성남시 분당구 백현동 472-314]<br>가동112호','일반택배',null,'no','신용카드<br>카드사:삼성<br>할부개월수:일시불','삼성','일시불','해당없음','delivery_prepared',to_date('25/08/27','RR/MM/DD'),'010-5555- 5555',null,40000);
Insert into T_SHOPPING_ORDER (ORDER_SEQ_NUM,ORDER_ID,MEMBER_ID,GOODS_ID,ORDERER_NAME,GOODS_TITLE,ORDER_GOODS_QTY,GOODS_SALES_PRICE,GOODS_FILENAME,RECEIVER_NAME,RECEIVER_HP1,RECEIVER_HP2,RECEIVER_HP3,RECEIVER_TEL1,RECEIVER_TEL2,RECEIVER_TEL3,DELIVERY_ADDRESS,DELIVERY_METHOD,DELIVERY_MESSAGE,GIFT_WRAPPING,PAY_METHOD,CARD_COM_NAME,CARD_PAY_MONTH,PAY_ORDERER_HP_NUM,DELIVERY_STATE,PAY_ORDER_TIME,ORDERER_HP,GOODS_DELIVERY_PRICE,GOODS_PRICE) values (1110,518,'lee2',480,'이순신','자바 웹을 다루는 기술',2,40500,'자바웹 메인이미지.jpg','이순신','010','5555',' 5555','031','333',' 3333','우편번호:13543<br>도로명 주소:경기 성남시 분당구 대왕판교로 372 (백현동)<br>[지번 주소:경기 성남시 분당구 백현동 472-314]<br>가동112호','일반택배',null,'no','신용카드<br>카드사:삼성<br>할부개월수:일시불','삼성','일시불','해당없음','delivery_prepared',to_date('25/08/27','RR/MM/DD'),'010-5555- 5555',null,45000);
Insert into T_SHOPPING_ORDER (ORDER_SEQ_NUM,ORDER_ID,MEMBER_ID,GOODS_ID,ORDERER_NAME,GOODS_TITLE,ORDER_GOODS_QTY,GOODS_SALES_PRICE,GOODS_FILENAME,RECEIVER_NAME,RECEIVER_HP1,RECEIVER_HP2,RECEIVER_HP3,RECEIVER_TEL1,RECEIVER_TEL2,RECEIVER_TEL3,DELIVERY_ADDRESS,DELIVERY_METHOD,DELIVERY_MESSAGE,GIFT_WRAPPING,PAY_METHOD,CARD_COM_NAME,CARD_PAY_MONTH,PAY_ORDERER_HP_NUM,DELIVERY_STATE,PAY_ORDER_TIME,ORDERER_HP,GOODS_DELIVERY_PRICE,GOODS_PRICE) values (1000,492,'lee2',480,'이순신','자바 웹을 다루는 기술',2,40500,'자바웹 메인이미지.jpg','이순신','010','1111','2222','02','2222',' 2323','우편번호:04533<br>도로명 주소:서울 중구 을지로 6 (을지로1가)<br>[지번 주소:서울 중구 을지로1가 192-11]<br>가동112호','일반택배',null,'no','신용카드<br>카드사:삼성<br>할부개월수:일시불','삼성','일시불','해당없음','delivery_prepared',to_date('25/08/22','RR/MM/DD'),'010-1111-2222',null,45000);
Insert into T_SHOPPING_ORDER (ORDER_SEQ_NUM,ORDER_ID,MEMBER_ID,GOODS_ID,ORDERER_NAME,GOODS_TITLE,ORDER_GOODS_QTY,GOODS_SALES_PRICE,GOODS_FILENAME,RECEIVER_NAME,RECEIVER_HP1,RECEIVER_HP2,RECEIVER_HP3,RECEIVER_TEL1,RECEIVER_TEL2,RECEIVER_TEL3,DELIVERY_ADDRESS,DELIVERY_METHOD,DELIVERY_MESSAGE,GIFT_WRAPPING,PAY_METHOD,CARD_COM_NAME,CARD_PAY_MONTH,PAY_ORDERER_HP_NUM,DELIVERY_STATE,PAY_ORDER_TIME,ORDERER_HP,GOODS_DELIVERY_PRICE,GOODS_PRICE) values (1001,492,'lee2',395,'이순신','모두의 파이썬',1,10800,'image2.jpg','이순신','010','1111','2222','02','2222',' 2323','우편번호:04533<br>도로명 주소:서울 중구 을지로 6 (을지로1가)<br>[지번 주소:서울 중구 을지로1가 192-11]<br>가동112호','일반택배',null,'no','신용카드<br>카드사:삼성<br>할부개월수:일시불','삼성','일시불','해당없음','delivery_prepared',to_date('25/08/22','RR/MM/DD'),'010-1111-2222',null,12000);
Insert into T_SHOPPING_ORDER (ORDER_SEQ_NUM,ORDER_ID,MEMBER_ID,GOODS_ID,ORDERER_NAME,GOODS_TITLE,ORDER_GOODS_QTY,GOODS_SALES_PRICE,GOODS_FILENAME,RECEIVER_NAME,RECEIVER_HP1,RECEIVER_HP2,RECEIVER_HP3,RECEIVER_TEL1,RECEIVER_TEL2,RECEIVER_TEL3,DELIVERY_ADDRESS,DELIVERY_METHOD,DELIVERY_MESSAGE,GIFT_WRAPPING,PAY_METHOD,CARD_COM_NAME,CARD_PAY_MONTH,PAY_ORDERER_HP_NUM,DELIVERY_STATE,PAY_ORDER_TIME,ORDERER_HP,GOODS_DELIVERY_PRICE,GOODS_PRICE) values (1002,493,'lee2',480,'이순신','자바 웹을 다루는 기술',1,40500,'자바웹 메인이미지.jpg','이순신','010','1111','2222','02','2222',' 2323','우편번호:04533<br>도로명 주소:서울 중구 을지로 6 (을지로1가)<br>[지번 주소:서울 중구 을지로1가 192-11]<br>가동112호','일반택배',null,'no','신용카드<br>카드사:삼성<br>할부개월수:일시불','삼성','일시불','해당없음','delivery_prepared',to_date('25/08/22','RR/MM/DD'),'010-1111-2222',null,45000);
Insert into T_SHOPPING_ORDER (ORDER_SEQ_NUM,ORDER_ID,MEMBER_ID,GOODS_ID,ORDERER_NAME,GOODS_TITLE,ORDER_GOODS_QTY,GOODS_SALES_PRICE,GOODS_FILENAME,RECEIVER_NAME,RECEIVER_HP1,RECEIVER_HP2,RECEIVER_HP3,RECEIVER_TEL1,RECEIVER_TEL2,RECEIVER_TEL3,DELIVERY_ADDRESS,DELIVERY_METHOD,DELIVERY_MESSAGE,GIFT_WRAPPING,PAY_METHOD,CARD_COM_NAME,CARD_PAY_MONTH,PAY_ORDERER_HP_NUM,DELIVERY_STATE,PAY_ORDER_TIME,ORDERER_HP,GOODS_DELIVERY_PRICE,GOODS_PRICE) values (1003,494,'lee2',472,'이순신',null,1,34000,'초보 개발자 자바 메인 이미지.jpg','이순신','010','1111','2222','02','2222',' 2323','우편번호:04533<br>도로명 주소:서울 중구 을지로 6 (을지로1가)<br>[지번 주소:서울 중구 을지로1가 192-11]<br>가동112호','일반택배',null,'no','신용카드<br>카드사:삼성<br>할부개월수:일시불','삼성','일시불','해당없음','delivery_prepared',to_date('25/08/22','RR/MM/DD'),'010-1111-2222',null,40000);
Insert into T_SHOPPING_ORDER (ORDER_SEQ_NUM,ORDER_ID,MEMBER_ID,GOODS_ID,ORDERER_NAME,GOODS_TITLE,ORDER_GOODS_QTY,GOODS_SALES_PRICE,GOODS_FILENAME,RECEIVER_NAME,RECEIVER_HP1,RECEIVER_HP2,RECEIVER_HP3,RECEIVER_TEL1,RECEIVER_TEL2,RECEIVER_TEL3,DELIVERY_ADDRESS,DELIVERY_METHOD,DELIVERY_MESSAGE,GIFT_WRAPPING,PAY_METHOD,CARD_COM_NAME,CARD_PAY_MONTH,PAY_ORDERER_HP_NUM,DELIVERY_STATE,PAY_ORDER_TIME,ORDERER_HP,GOODS_DELIVERY_PRICE,GOODS_PRICE) values (1004,495,'lee2',480,'이순신','자바 웹을 다루는 기술',2,40500,'자바웹 메인이미지.jpg','이순신','010','1111','2222','02','2222',' 2323','우편번호:04533<br>도로명 주소:서울 중구 을지로 6 (을지로1가)<br>[지번 주소:서울 중구 을지로1가 192-11]<br>가동112호','일반택배',null,'no','신용카드<br>카드사:삼성<br>할부개월수:일시불','삼성','일시불','해당없음','delivery_prepared',to_date('25/08/22','RR/MM/DD'),'010-1111-2222',null,45000);
Insert into T_SHOPPING_ORDER (ORDER_SEQ_NUM,ORDER_ID,MEMBER_ID,GOODS_ID,ORDERER_NAME,GOODS_TITLE,ORDER_GOODS_QTY,GOODS_SALES_PRICE,GOODS_FILENAME,RECEIVER_NAME,RECEIVER_HP1,RECEIVER_HP2,RECEIVER_HP3,RECEIVER_TEL1,RECEIVER_TEL2,RECEIVER_TEL3,DELIVERY_ADDRESS,DELIVERY_METHOD,DELIVERY_MESSAGE,GIFT_WRAPPING,PAY_METHOD,CARD_COM_NAME,CARD_PAY_MONTH,PAY_ORDERER_HP_NUM,DELIVERY_STATE,PAY_ORDER_TIME,ORDERER_HP,GOODS_DELIVERY_PRICE,GOODS_PRICE) values (1005,496,'lee2',472,'이순신','초보 개발자를 위한 자바',1,34000,'초보 개발자 자바 메인 이미지.jpg','이순신','010','1111','2222','02','2222',' 2323','우편번호:04533<br>도로명 주소:서울 중구 을지로 6 (을지로1가)<br>[지번 주소:서울 중구 을지로1가 192-11]<br>가동112호','일반택배',null,'no','신용카드<br>카드사:삼성<br>할부개월수:일시불','삼성','일시불','해당없음','delivery_prepared',to_date('25/08/22','RR/MM/DD'),'010-1111-2222',null,40000);
REM INSERTING into T_SHOPPING_MEMBER
SET DEFINE OFF;
Insert into T_SHOPPING_MEMBER (MEMBER_ID,MEMBER_PW,MEMBER_NAME,MEMBER_GENDER,TEL1,TEL2,TEL3,HP1,HP2,HP3,SMSSTS_YN,EMAIL1,EMAIL2,EMAILSTS_YN,ZIPCODE,ROADADDRESS,JIBUNADDRESS,NAMUJIADDRESS,MEMBER_BIRTH_Y,MEMBER_BIRTH_M,MEMBER_BIRTH_D,MEMBER_BIRTH_GN,JOINDATE,DEL_YN) values ('admin','1212','어드민','101','02','1111','2222','010','1111','2222','Y','admin','test.com,non','Y','06253','서울 강남구 강남대로 298 (역삼동)','서울 강남구 역삼동 838','럭키빌딩 101호','2000','5','10','2',to_date('25/08/10','RR/MM/DD'),'N');
Insert into T_SHOPPING_MEMBER (MEMBER_ID,MEMBER_PW,MEMBER_NAME,MEMBER_GENDER,TEL1,TEL2,TEL3,HP1,HP2,HP3,SMSSTS_YN,EMAIL1,EMAIL2,EMAILSTS_YN,ZIPCODE,ROADADDRESS,JIBUNADDRESS,NAMUJIADDRESS,MEMBER_BIRTH_Y,MEMBER_BIRTH_M,MEMBER_BIRTH_D,MEMBER_BIRTH_GN,JOINDATE,DEL_YN) values ('lee','1212','이병승','101','02','1111','2222','010','2222','3333','Y','lee','test.com,non','Y','13547','경기 성남시 분당구 고기로 25 (동원동)','경기 성남시 분당구 동원동 79-1','럭키아파트 1101동  101호','2000','5','10','2',to_date('25/08/10','RR/MM/DD'),'N');
Insert into T_SHOPPING_MEMBER (MEMBER_ID,MEMBER_PW,MEMBER_NAME,MEMBER_GENDER,TEL1,TEL2,TEL3,HP1,HP2,HP3,SMSSTS_YN,EMAIL1,EMAIL2,EMAILSTS_YN,ZIPCODE,ROADADDRESS,JIBUNADDRESS,NAMUJIADDRESS,MEMBER_BIRTH_Y,MEMBER_BIRTH_M,MEMBER_BIRTH_D,MEMBER_BIRTH_GN,JOINDATE,DEL_YN) values ('lee2','2222','이순신','101','031','333',' 3333','010','5555',' 5555','true','lee123','google.com','true','13543','경기 성남시 분당구 대왕판교로 372 (백현동)','경기 성남시 분당구 백현동 472-314','가동112호','2002','3','3','2',to_date('25/08/10','RR/MM/DD'),'N');
Insert into T_SHOPPING_MEMBER (MEMBER_ID,MEMBER_PW,MEMBER_NAME,MEMBER_GENDER,TEL1,TEL2,TEL3,HP1,HP2,HP3,SMSSTS_YN,EMAIL1,EMAIL2,EMAILSTS_YN,ZIPCODE,ROADADDRESS,JIBUNADDRESS,NAMUJIADDRESS,MEMBER_BIRTH_Y,MEMBER_BIRTH_M,MEMBER_BIRTH_D,MEMBER_BIRTH_GN,JOINDATE,DEL_YN) values ('son','1212','손흥민','101','02','1111',' 1111','011','2222','    2222','false','son','test.com','true','01097','서울 강북구 덕릉로 2 (수유동)','서울 강북구 수유동 461-8','강북 아파트 101동 1101호','2004','4','7','2',to_date('25/08/18','RR/MM/DD'),'N');
REM INSERTING into T_SHOPPING_CART
SET DEFINE OFF;
--------------------------------------------------------
--  DDL for Index SYS_C007321
--------------------------------------------------------

  CREATE UNIQUE INDEX "SYS_C007321" ON "T_GOODS_DETAIL_IMAGE" ("IMAGE_ID")
--------------------------------------------------------
--  DDL for Index SYS_C007322
--------------------------------------------------------

  CREATE UNIQUE INDEX "SYS_C007322" ON "T_SHOPPING_GOODS" ("GOODS_ID")
--------------------------------------------------------
--  DDL for Index SYS_C007324
--------------------------------------------------------

  CREATE UNIQUE INDEX "SYS_C007324" ON "T_SHOPPING_ORDER" ("ORDER_SEQ_NUM")
--------------------------------------------------------
--  DDL for Index SYS_C007323
--------------------------------------------------------

  CREATE UNIQUE INDEX "SYS_C007323" ON "T_SHOPPING_MEMBER" ("MEMBER_ID")
--------------------------------------------------------
--  DDL for Index SYS_C007325
--------------------------------------------------------

  CREATE UNIQUE INDEX "SYS_C007325" ON "T_SHOPPING_CART" ("CART_ID")
--------------------------------------------------------
--  Constraints for Table T_GOODS_DETAIL_IMAGE
--------------------------------------------------------

  ALTER TABLE "T_GOODS_DETAIL_IMAGE" ADD PRIMARY KEY ("IMAGE_ID")
  USING INDEX  ENABLE
--------------------------------------------------------
--  Constraints for Table T_SHOPPING_GOODS
--------------------------------------------------------

  ALTER TABLE "T_SHOPPING_GOODS" ADD PRIMARY KEY ("GOODS_ID")
  USING INDEX  ENABLE
--------------------------------------------------------
--  Constraints for Table T_SHOPPING_ORDER
--------------------------------------------------------

  ALTER TABLE "T_SHOPPING_ORDER" ADD PRIMARY KEY ("ORDER_SEQ_NUM")
  USING INDEX  ENABLE
--------------------------------------------------------
--  Constraints for Table T_SHOPPING_MEMBER
--------------------------------------------------------

  ALTER TABLE "T_SHOPPING_MEMBER" ADD PRIMARY KEY ("MEMBER_ID")
  USING INDEX  ENABLE
--------------------------------------------------------
--  Constraints for Table T_SHOPPING_CART
--------------------------------------------------------

  ALTER TABLE "T_SHOPPING_CART" ADD PRIMARY KEY ("CART_ID")
  USING INDEX  ENABLE
